"DOCUMENT_ID","TITLE","DOCUMENT_TYPE","DEPARTMENT","CREATED_AT","UPDATED_AT","VERSION","CHUNKED_CONTENT","CHUNK_INDEX"
"DOC001","店舗運営マニュアル 2024年版","マニュアル","店舗運営部","2025-03-01 17:00:00.000","2025-03-01 17:00:00.000","1.0","1. 基本方針
スノーリテールは、「お客様の豊かな暮らしをサポートする」という理念のもと、
高品質な商品とサービスを提供することを目指します。

2. 接客の基本
- 来店されたお客様には必ず「いらっしゃいませ」と明るく挨拶
- お客様の目線に合わせて丁寧な応対を心がける
- 商品説明は具体的でわかりやすく行う

3. 売場管理
- 商品の品切れがないよう、在庫の確認を定期的に実施
- 陳列は planogram に従い、見やすく手に取りやすい配置を心がける
- 価格表示は正確かつ見やすい位置に配置","0"
"DOC001","店舗運営マニュアル 2024年版","マニュアル","店舗運営部","2025-03-01 17:00:00.000","2025-03-01 17:00:00.000","1.0","4. 衛生管理
- 手洗い、アルコール消毒の徹底
- 売場の清掃は1日3回以上実施
- 食品の温度管理は厳密に記録","1"
"DOC003","2024年春夏シーズン PB商品カタログ","商品カタログ","商品部","2025-03-01 17:00:00.000","2025-03-01 17:00:00.000","1.0","【新商品情報】

1. スノーフレッシュ オーガニック野菜シリーズ
- 有機JAS認証取得
- 契約農家による栽培管理
- 主要産地：北海道、茨城、千葉
- 展開アイテム：
  * 有機サラダ菜パック
  * 有機人参3本パック
  * 有機じゃがいも2kgパック
価格帯：198円～498円

2. スノーセレクト プレミアムミート
- 国産黒毛和牛限定
- 専門バイヤーによる目利き
- 真空パック包装で長期保存可能
- 展開アイテム：
  * プレミアムサーロインステーキ
  * 特選すき焼き用
  * 極上焼肉セット
価格帯：1,980円～4,980円","0"
"DOC003","2024年春夏シーズン PB商品カタログ","商品カタログ","商品部","2025-03-01 17:00:00.000","2025-03-01 17:00:00.000","1.0","3. スノーデリ 簡単調理キット
- 20分以内で本格料理が完成
- 専門シェフ監修レシピ
- 展開アイテム：
  * 本格ビーフカレーキット
  * パスタソース&麺セット
  * 具材付き炊き込みご飯の素
価格帯：598円～998円","1"
"DOC030","環境配慮型店舗運営ガイドライン","ガイドライン","環境推進部","2025-03-01 17:00:00.000","2025-03-01 17:00:00.000","1.5","【スノーリテール 環境配慮型店舗運営ガイドライン】

■ 環境配慮の基本方針

スノーリテールは、「地球環境との共生」を経営理念の一つとして掲げ、
持続可能な社会の実現に貢献します。本ガイドラインに基づき、日々の店舗運営において
環境負荷の低減に取り組み、お客様・地域社会・従業員と共に環境保全活動を
推進します。

■ 省エネルギー対策

1. 照明設備の最適化
   - LED照明の100%導入（2025年までに全店舗完了）
   - 昼光センサーによる自動調光システムの導入
   - 営業時間帯による照明点灯エリアの区分け
   - 非営業エリアの徹底した消灯管理","0"
"DOC030","環境配慮型店舗運営ガイドライン","ガイドライン","環境推進部","2025-03-01 17:00:00.000","2025-03-01 17:00:00.000","1.5","2. 空調設備の効率運用
   - 季節別温度設定基準の遵守（夏季28℃、冬季20℃）
   - 外気温度に応じた自動制御システムの活用
   - エアカーテンの適切な使用
   - フィルター清掃の定期実施（月1回以上）

3. 冷凍・冷蔵設備の省エネ運用
   - ノンフロン冷媒機器への計画的切替
   - 冷気漏れ防止対策（ナイトカバー、カーテン設置）
   - 設定温度の適正管理
   - 防霜ヒーターの間欠運転","1"
"DOC030","環境配慮型店舗運営ガイドライン","ガイドライン","環境推進部","2025-03-01 17:00:00.000","2025-03-01 17:00:00.000","1.5","4. その他の省エネ施策
   - デマンド監視システムによるピーク電力の管理
   - 省エネパトロールの実施（毎日開店前・閉店後）
   - 従業員への省エネ教育
   - 月次エネルギー使用量の「見える化」と削減目標管理

■ 廃棄物削減・リサイクル

1. 食品廃棄物対策
   - 発注精度向上による食品ロス削減
   - 販売期限が近い商品の値引き販売強化
   - 調理残渣のリサイクル（飼料化・堆肥化）
   - 食品廃棄物リサイクル率85%以上の維持","2"
"DOC030","環境配慮型店舗運営ガイドライン","ガイドライン","環境推進部","2025-03-01 17:00:00.000","2025-03-01 17:00:00.000","1.5","2. 容器包装削減
   - 簡易包装の推進（レジ袋有料化）
   - バイオマスプラスチック製レジ袋の導入
   - 量り売り・ばら売りの拡大
   - 再生紙使用の包装資材採用

3. 店舗廃棄物管理
   - 分別の徹底（10種類以上）
   - 段ボール・発泡スチロールの100%リサイクル
   - 廃棄物計量システムによる発生量管理
   - 店舗別廃棄物削減コンテスト実施","3"
"DOC030","環境配慮型店舗運営ガイドライン","ガイドライン","環境推進部","2025-03-01 17:00:00.000","2025-03-01 17:00:00.000","1.5","4. リサイクル推進活動
   - 店頭リサイクルボックスの設置（ペットボトル、トレイ、紙パック等）
   - 古紙回収キャンペーンの実施
   - エコポイント制度によるリサイクル促進
   - リサイクル実績の店内掲示

■ 水資源の保全

1. 節水設備の導入
   - 節水型トイレ・蛇口の全店導入
   - 感知式水栓の導入
   - 節水コマ・節水シャワーヘッドの設置
   - 雨水利用システムの導入（新店舗）","4"
"DOC030","環境配慮型店舗運営ガイドライン","ガイドライン","環境推進部","2025-03-01 17:00:00.000","2025-03-01 17:00:00.000","1.5","2. 日常的な節水対策
   - 給水設備の漏水点検（週1回）
   - 洗浄工程の効率化（野菜洗浄等）
   - 清掃時の節水意識向上
   - 水使用量の「見える化」と削減目標設定

3. 排水管理
   - グリーストラップの適切な管理
   - 環境配慮型洗剤の使用
   - 排水水質の定期検査
   - 油の適正処理（廃油回収業者との契約）

■ 環境配慮型商品の拡充

1. オーガニック・エコ商品の拡大
   - オーガニック食品コーナーの設置
   - エコマーク商品の積極的導入
   - 地場産品の拡充
   - サステナブルシーフードの取扱い","5"
"DOC030","環境配慮型店舗運営ガイドライン","ガイドライン","環境推進部","2025-03-01 17:00:00.000","2025-03-01 17:00:00.000","1.5","2. プライベートブランド商品の環境配慮
   - 環境配慮型パッケージの採用
   - 詰め替え商品の拡充
   - 原材料調達ガイドラインの運用
   - カーボンフットプリントの表示

3. リデュース・リユース商品の促進
   - マイバッグ・マイボトル推奨キャンペーン
   - 詰め替え商品の価格優遇
   - 簡易包装商品の開発
   - 使い捨てプラスチック削減商品の拡充

4. 環境情報の提供
   - 環境配慮商品の明示（店内POP）
   - 環境ラベルの説明表示
   - QRコードによる詳細環境情報提供
   - スタッフによる環境配慮型商品の説明強化","6"
"DOC030","環境配慮型店舗運営ガイドライン","ガイドライン","環境推進部","2025-03-01 17:00:00.000","2025-03-01 17:00:00.000","1.5","■ 店舗施設・設備の環境対応

1. 環境配慮型店舗設計
   - 自然採光の最大活用
   - 高断熱・高気密構造の採用
   - 屋上・壁面緑化の推進
   - 太陽光発電システムの導入

2. 設備の環境対応
   - 高効率設備機器の導入
   - BEMS（ビル・エネルギー管理システム）の活用
   - 熱交換型換気システムの導入
   - 電気自動車充電設備の設置

3. 植栽・外部環境
   - 店舗周辺の植栽による緑化
   - 在来種の積極的活用
   - 透水性舗装の採用
   - 店舗周辺の定期的な清掃活動

■ 環境コミュニケーション","7"
"DOC030","環境配慮型店舗運営ガイドライン","ガイドライン","環境推進部","2025-03-01 17:00:00.000","2025-03-01 17:00:00.000","1.5","■ 環境コミュニケーション

1. 顧客とのコミュニケーション
   - 環境配慮の取組みの店内掲示
   - 環境イベントの定期開催（エコ教室等）
   - 環境配慮型レシピの提案
   - アンケートによる環境意識調査

2. 地域社会との連携
   - 地域清掃活動への参加
   - 地元学校との環境教育連携
   - 自治体の環境キャンペーンへの協力
   - 地域環境団体との協働プロジェクト","8"
"DOC030","環境配慮型店舗運営ガイドライン","ガイドライン","環境推進部","2025-03-01 17:00:00.000","2025-03-01 17:00:00.000","1.5","3. 従業員の環境意識向上
   - 環境教育プログラムの実施
   - エコリーダーの育成（各店舗2名以上）
   - 環境改善提案制度の運用
   - 従業員向け環境活動（通勤時のエコ推進等）

4. 環境情報の開示
   - 環境レポートの発行（年1回）
   - ウェブサイトでの環境データ公開
   - 環境目標と達成状況の公表
   - 第三者評価の受審

■ 環境マネジメント体制

1. 環境管理組織
   - 本部環境委員会（四半期ごとに開催）
   - 店舗環境責任者の選任
   - 環境専門スタッフの育成
   - 外部専門家との連携","9"
"DOC030","環境配慮型店舗運営ガイドライン","ガイドライン","環境推進部","2025-03-01 17:00:00.000","2025-03-01 17:00:00.000","1.5","2. 環境目標設定と評価
   - 全社環境目標の設定（年次）
   - 店舗別環境行動計画の策定
   - 月次進捗管理と評価
   - 環境表彰制度の運用

3. 環境監査
   - 内部環境監査の実施（年2回）
   - 外部環境監査の受審（年1回）
   - 環境法規制遵守状況の確認
   - 改善策の立案と実施

4. 環境会計
   - 環境投資・環境コストの把握
   - 環境保全効果の測定
   - 環境経済効果の分析
   - 経営指標への環境指標の統合","10"
"DOC030","環境配慮型店舗運営ガイドライン","ガイドライン","環境推進部","2025-03-01 17:00:00.000","2025-03-01 17:00:00.000","1.5","※ 本ガイドラインは2024年3月改訂版です。すべての店舗で本ガイドラインに基づく
環境配慮型店舗運営を実践し、定期的に進捗状況を確認してください。環境に関する
新たな取組みや提案は環境推進部までお寄せください。","11"
"DOC022","商品返品・交換対応手順","マニュアル","カスタマーサービス部","2025-03-01 17:00:00.000","2025-03-01 17:00:00.000","2.0","【スノーリテール 商品返品・交換対応手順】

■ 基本方針

スノーリテールでは、お客様満足度向上のため、商品返品・交換に関して
柔軟かつ適切な対応を行います。本手順書に従い、お客様の立場に立った
誠実な対応を心がけてください。

■ 返品・交換の基本条件

1. 基本的な返品・交換条件
   - レシートまたは購入証明があること（原則）
   - 購入日から8日以内であること
   - 商品に使用・消費の形跡がないこと（食品を除く）
   - 商品タグ・付属品が揃っていること（該当する場合）","0"
"DOC022","商品返品・交換対応手順","マニュアル","カスタマーサービス部","2025-03-01 17:00:00.000","2025-03-01 17:00:00.000","2.0","2. 条件の例外ケース
   - 商品不良の場合は購入日から30日まで期間延長
   - レシートがなくても、ポイントカード履歴で確認できる場合は対応可
   - 品質上の問題がある場合は使用後でも対応可能
   - ギフト商品は贈答者の購入証明でも対応可能

■ 部門別返品・交換基準

1. 生鮮食品
   - 鮮度不良の場合は無条件で返金または交換
   - 購入当日のみ対応（原則）
   - 商品現物の確認が必要
   - 写真による代用も可（来店が困難な場合）","1"
"DOC022","商品返品・交換対応手順","マニュアル","カスタマーサービス部","2025-03-01 17:00:00.000","2025-03-01 17:00:00.000","2.0","2. 加工食品・日配品
   - 賞味期限内の品質不良は返金または交換
   - 開封後の味・風味への不満は状況判断
   - 異物混入は商品と異物を保管し本部報告
   - 掲載内容と実物の相違は全額返金

3. 衣料品・日用品
   - 未使用・タグ付きなら購入後8日以内は返金可
   - 使用後の不具合は製造上の不良か確認
   - クリーニング可能な汚れは対応後に返却
   - サイズ交換は同一商品の在庫がある場合のみ","2"
"DOC022","商品返品・交換対応手順","マニュアル","カスタマーサービス部","2025-03-01 17:00:00.000","2025-03-01 17:00:00.000","2.0","4. 家電・家具
   - 初期不良は購入後8日以内なら無条件交換
   - 購入後8日以降は製造元保証で対応
   - 開封後のイメージ違いは店長判断
   - 配送設置商品の返品は別途引取料が必要

■ 返金・交換の具体的手順

1. お客様対応
   - 丁寧に状況をヒアリング
   - お客様の要望確認（返金or交換）
   - 対応可能か判断し、説明
   - 謝罪と感謝の言葉を必ず伝える

2. 返金処理
   - レシートと商品の確認
   - 返品理由をPOSシステムに入力
   - 現金またはクレジット返金処理
   - 返品受領書への記入依頼","3"
"DOC022","商品返品・交換対応手順","マニュアル","カスタマーサービス部","2025-03-01 17:00:00.000","2025-03-01 17:00:00.000","2.0","3. 交換処理
   - 交換商品の用意
   - 同一商品がない場合は代替品の提案
   - 価格差がある場合は差額精算
   - 交換完了の確認

4. クレジットカード・電子マネー返金
   - クレジットカード払いは同じカードへの返金処理
   - カード不所持の場合は店舗ギフトカード対応
   - 電子マネーは原則同じ電子マネーへ返金
   - 例外対応は店長承認が必要

■ 判断が難しいケースの対応","4"
"DOC022","商品返品・交換対応手順","マニュアル","カスタマーサービス部","2025-03-01 17:00:00.000","2025-03-01 17:00:00.000","2.0","■ 判断が難しいケースの対応

1. レシートがない場合
   - ポイントカード履歴で確認
   - 商品に当店価格シールがある場合は参考に
   - 定価商品で未使用明らかな場合は店長判断で対応可
   - 高額商品（5,000円超）は本部確認

2. 長期経過後の返品
   - 食品は不可（安全上の理由）
   - 耐久消費財は製造上の明らかな不良のみ対応
   - 季節商品の長期経過後返品は原則不可
   - ギフト商品は状況に応じて柔軟対応","5"
"DOC022","商品返品・交換対応手順","マニュアル","カスタマーサービス部","2025-03-01 17:00:00.000","2025-03-01 17:00:00.000","2.0","3. メーカー保証対象の商品
   - 初期不良（8日以内）は店舗で交換対応
   - 8日以降はメーカーサポート窓口案内
   - 修理対応可能な商品はメーカー修理受付
   - 店舗での取次サービスの案内

■ 記録と報告

1. 返品・交換記録
   - POSシステムへの詳細入力
   - 返品商品の処理区分選択
   - 高額返品（5,000円超）は写真撮影
   - 返品理由の詳細記録","6"
"DOC022","商品返品・交換対応手順","マニュアル","カスタマーサービス部","2025-03-01 17:00:00.000","2025-03-01 17:00:00.000","2.0","2. 返品分析と対策
   - 週次での返品集計と分析
   - 同一商品の返品が複数ある場合の調査
   - 品質改善につなげるメーカーへのフィードバック
   - 返品率の高い商品のアソート見直し

3. 本部報告事項
   - 食品の品質不良・異物混入（全件）
   - 高額商品の返品（5,000円超）
   - 同一商品の返品が3件以上
   - お客様とのトラブル事例

※ 本手順書は2024年1月改訂版です。状況に応じて柔軟な対応を心がけつつも、
ルールの範囲内で対応してください。判断に迷う場合は必ず上長に相談してください。","7"
"DOC016","スノーフレッシュ商品カタログ","カタログ","マーケティング部","2025-03-01 17:00:00.000","2025-03-01 17:00:00.000","1.0","【スノーフレッシュ 2024年版総合カタログ】

■ スノーフレッシュブランドの理念

「確かな品質、適正価格、あなたの食卓に笑顔を」をコンセプトに、
厳選した原材料と丁寧な製造工程で、毎日の食卓に安心と豊かさを
お届けする、スノーリテールのプライベートブランドです。

■ 商品カテゴリー","0"
"DOC016","スノーフレッシュ商品カタログ","カタログ","マーケティング部","2025-03-01 17:00:00.000","2025-03-01 17:00:00.000","1.0","■ 商品カテゴリー

1. スノーフレッシュ オーガニック（有機JAS認証取得商品）
   - 有機野菜セレクション
     * 有機サラダ菜パック（298円）：千葉県産契約農家栽培
     * 有機人参3本パック（258円）：北海道産契約農家栽培
     * 有機じゃがいも2kgパック（498円）：長崎県産契約農家栽培
   
   - 有機果物セレクション
     * 有機バナナ（398円/袋）：フィリピン産フェアトレード認証
     * 有機レモン3個パック（298円）：和歌山県産契約農家栽培
     * 有機ブルーベリー（598円/パック）：長野県産契約農家栽培","1"
"DOC016","スノーフレッシュ商品カタログ","カタログ","マーケティング部","2025-03-01 17:00:00.000","2025-03-01 17:00:00.000","1.0","- 有機加工食品
     * 有機トマトジュース（298円/500ml）：国産有機トマト100%使用
     * 有機緑茶ティーバッグ（398円/20袋）：静岡県産有機茶葉使用
     * 有機ミューズリー（598円/400g）：国内製造、9種の有機素材使用","2"
"DOC016","スノーフレッシュ商品カタログ","カタログ","マーケティング部","2025-03-01 17:00:00.000","2025-03-01 17:00:00.000","1.0","2. スノーフレッシュ デイリー（日配品）
   - 乳製品
     * 特選牛乳（218円/1L）：北海道産生乳100%使用
     * プレーンヨーグルト（158円/400g）：生乳由来の乳酸菌使用
     * 北海道チーズシリーズ（398円〜）：北海道十勝産チーズ使用
   
   - 卵・豆腐製品
     * 平飼い卵（298円/10個）：専用農場での平飼い鶏から採卵
     * 国産大豆絹ごし豆腐（98円/1丁）：国産大豆100%使用
     * 濃厚木綿豆腐（128円/1丁）：高タンパク、濃厚な味わい","3"
"DOC016","スノーフレッシュ商品カタログ","カタログ","マーケティング部","2025-03-01 17:00:00.000","2025-03-01 17:00:00.000","1.0","- パン製品
     * 毎日食パン（158円/6枚切）：国産小麦使用、保存料無添加
     * 十穀パン（198円/5枚切）：十種の穀物配合
     * 低糖質ブレッド（258円/6枚切）：糖質30%オフ

3. スノーセレクト（高品質プレミアムライン）
   - 精肉シリーズ
     * プレミアム和牛（1,980円〜）：A4等級以上の国産黒毛和牛
     * 熟成豚肉（698円〜）：30日間熟成させた風味豊かな豚肉
     * 朝びき地鶏（598円〜）：産地直送の鮮度抜群地鶏","4"
"DOC016","スノーフレッシュ商品カタログ","カタログ","マーケティング部","2025-03-01 17:00:00.000","2025-03-01 17:00:00.000","1.0","- 鮮魚シリーズ
     * 朝獲れ鮮魚（498円〜）：その日の朝に水揚げされた魚種
     * 高級刺身盛り合わせ（1,280円〜）：職人技で仕上げた刺身
     * ブランド地魚シリーズ（698円〜）：各地の名産魚介類

   - デリカテッセン
     * シェフ特製惣菜（398円〜）：プロの料理人監修メニュー
     * 高級サラダシリーズ（298円〜）：厳選素材とオリジナルドレッシング
     * パーティーセレクション（1,980円〜）：おもてなしにぴったりの詰合せ","5"
"DOC016","スノーフレッシュ商品カタログ","カタログ","マーケティング部","2025-03-01 17:00:00.000","2025-03-01 17:00:00.000","1.0","4. スノーデリ（簡単調理キット）
   - 和食キット
     * 本格カレーキット（598円/2人前）：20分で完成
     * ビビンバ丼キット（498円/1人前）：レンジで3分
     * 鍋セット各種（998円/2-3人前）：季節に応じた鍋セット
   
   - 洋食キット
     * パスタセット（498円/2人前）：麺とソースのセット
     * ハンバーグキット（598円/2人前）：付け合わせ野菜付き
     * スープセット（398円/2人前）：具材入り簡単スープ
   
   - アジア料理キット","6"
"DOC016","スノーフレッシュ商品カタログ","カタログ","マーケティング部","2025-03-01 17:00:00.000","2025-03-01 17:00:00.000","1.0","- アジア料理キット
     * タイ風グリーンカレー（598円/2人前）：本格アジア風味
     * エスニック麺セット（498円/1人前）：フォーやパッタイなど
     * 中華炒めセット（598円/2人前）：野菜、肉、調味料をセット","7"
"DOC016","スノーフレッシュ商品カタログ","カタログ","マーケティング部","2025-03-01 17:00:00.000","2025-03-01 17:00:00.000","1.0","■ 商品開発ポリシー

1. 厳選した原材料
   - 原則として国内産原料を優先使用
   - 海外産の場合は安全性の高い産地を選定
   - 化学添加物の使用を最小限に抑制

2. 持続可能な調達
   - 環境負荷の少ない生産方法を採用した契約農家
   - リサイクル可能なパッケージの使用
   - フェアトレード認証製品の積極採用

3. 品質管理
   - 全商品に対する定期的な品質検査の実施
   - 安全性・栄養価に関する第三者機関の検証
   - 消費者モニターによる定期的な味覚テスト","8"
"DOC016","スノーフレッシュ商品カタログ","カタログ","マーケティング部","2025-03-01 17:00:00.000","2025-03-01 17:00:00.000","1.0","4. 情報公開
   - 原材料の産地表示の徹底
   - アレルギー情報の明確な表示
   - 生産工程・流通経路の透明化

■ 販促活動カレンダー（2024年）

4月：スノーフレッシュ春の新商品フェア
5月：有機栽培野菜&フルーツフェスティバル
6月：梅雨を彩るスノーデリ特集
7-8月：夏の冷製デリカフェア
9月：実りの秋スノーセレクト展
10-11月：鍋と煮込み料理フェア
12月：クリスマス・年末スペシャルセレクション","9"
"DOC016","スノーフレッシュ商品カタログ","カタログ","マーケティング部","2025-03-01 17:00:00.000","2025-03-01 17:00:00.000","1.0","※ 本カタログは2024年4月時点の情報です。商品の入荷状況や価格は
変更になる場合があります。詳細はスノーリテール公式アプリまたは
店舗スタッフにお尋ねください。","10"
"DOC017","鮮度管理マニュアル","マニュアル","品質管理部","2025-03-01 17:00:00.000","2025-03-01 17:00:00.000","3.0","【スノーリテール 鮮度管理マニュアル】

■ 鮮度管理の基本方針

スノーリテールでは「お客様に最高の鮮度をお届けする」ことを最重要視します。
当社の鮮度管理は「温度管理」「時間管理」「衛生管理」「在庫回転管理」の
4つの柱で構成されています。

■ 温度管理基準","0"
"DOC017","鮮度管理マニュアル","マニュアル","品質管理部","2025-03-01 17:00:00.000","2025-03-01 17:00:00.000","3.0","1. 部門別保管温度基準
   【青果部門】
   - 葉物野菜：2〜5℃
   - 根菜・果菜：5〜10℃
   - トロピカルフルーツ：10〜15℃
   - カットフルーツ：2〜5℃
   
   【精肉部門】
   - 牛肉・豚肉：0〜4℃
   - 鶏肉：0〜2℃
   - 挽肉製品：0〜2℃
   - 加工肉：2〜4℃
   
   【鮮魚部門】
   - 鮮魚（丸魚）：0〜2℃
   - 刺身・切り身：0〜2℃
   - 貝類：3〜5℃
   - 冷凍魚：-18℃以下
   
   【惣菜部門】
   - 冷蔵惣菜：2〜5℃
   - 温蔵惣菜：65℃以上","1"
"DOC017","鮮度管理マニュアル","マニュアル","品質管理部","2025-03-01 17:00:00.000","2025-03-01 17:00:00.000","3.0","- 温蔵惣菜：65℃以上
   - サラダ類：2〜5℃
   - 寿司類：4℃以下","2"
"DOC017","鮮度管理マニュアル","マニュアル","品質管理部","2025-03-01 17:00:00.000","2025-03-01 17:00:00.000","3.0","2. 温度管理チェック体制
   - 開店前、昼、閉店前の1日3回実施
   - デジタル温度計を使用し0.1℃単位で測定
   - ショーケース内の複数箇所で測定
   - 温度記録表に記入し、1年間保存
   - 基準逸脱時は直ちに店長に報告

3. 冷蔵・冷凍設備の管理
   - 日次：庫内温度チェック、ドアパッキン確認
   - 週次：霜取り、設備の清掃
   - 月次：コンプレッサー等の動作確認
   - 半年：専門業者による点検

■ 時間管理","3"
"DOC017","鮮度管理マニュアル","マニュアル","品質管理部","2025-03-01 17:00:00.000","2025-03-01 17:00:00.000","3.0","■ 時間管理

1. 時間管理のポイント
   - 入荷から陳列までの時間を最小化
   - 荷受け後60分以内に冷蔵・冷凍保管を完了
   - 冷蔵・冷凍商品の常温放置時間は累計15分以内に制限
   - 調理品は製造から提供までの時間を記録","4"
"DOC017","鮮度管理マニュアル","マニュアル","品質管理部","2025-03-01 17:00:00.000","2025-03-01 17:00:00.000","3.0","2. 商品別陳列時間制限
   - 刺身、寿司：4時間
   - 精肉トレイ：6時間
   - カットフルーツ：8時間
   - 調理パン：12時間
   - 惣菜（温蔵）：3時間
   
3. 作業時間短縮のための工夫
   - バックヤードと売場の動線最適化
   - 一度に運べる商品量の適正化
   - 優先順位を明確にした作業手順
   - 部門間の協力体制の構築

■ 衛生管理

1. 日常の衛生管理
   - 作業開始前の手洗い、手指消毒の徹底
   - 2時間に1回の手洗い・手袋交換
   - 作業台・調理器具の使用前後の洗浄・消毒
   - 食品別の専用まな板・包丁の使用","5"
"DOC017","鮮度管理マニュアル","マニュアル","品質管理部","2025-03-01 17:00:00.000","2025-03-01 17:00:00.000","3.0","2. 定期的な衛生点検
   - 日次：作業台・器具の洗浄度検査
   - 週次：冷蔵庫内部の清掃・消毒
   - 月次：排水口・エアコンフィルターの清掃
   - 四半期：ATP検査による清浄度評価

3. 従業員の衛生管理
   - 健康状態の毎日の報告（体調チェックシート）
   - 手指の傷・腫れのチェック
   - 清潔な作業着・帽子・マスクの着用
   - 年2回の検便検査の実施

■ 在庫回転管理

1. 先入れ先出しの徹底
   - 入荷日時をラベル表示
   - 新しい商品は必ず奥から補充
   - 陳列商品の日付・時間をチェック
   - 補充前に既存商品の日付確認","6"
"DOC017","鮮度管理マニュアル","マニュアル","品質管理部","2025-03-01 17:00:00.000","2025-03-01 17:00:00.000","3.0","2. 適正在庫の維持
   - 商品別の適正在庫量を設定
   - 売上予測に基づく発注
   - 天候・イベントに合わせた在庫調整
   - 週間・日別の在庫回転率の計測

3. 部門別在庫回転率目標
   - 青果部門：6.0回転/週
   - 精肉部門：5.0回転/週
   - 鮮魚部門：5.5回転/週
   - 惣菜部門：7.0回転/週
   - 日配部門：4.5回転/週

■ 商品チェック基準

1. 青果のチェックポイント
   - 外観：傷、変色がないか
   - 触感：適度な弾力があるか
   - 香り：異臭がないか
   - 鮮度：みずみずしさ、しおれていないか","7"
"DOC017","鮮度管理マニュアル","マニュアル","品質管理部","2025-03-01 17:00:00.000","2025-03-01 17:00:00.000","3.0","2. 精肉のチェックポイント
   - 色沢：鮮やかさ、変色がないか
   - ドリップ：適量か、過多でないか
   - 匂い：生肉特有の香りか
   - パック状態：気密性が保たれているか

3. 鮮魚のチェックポイント
   - 目：透明で濁りがないか
   - えら：鮮紅色か
   - 皮：つやと粘りがあるか
   - 弾力：指で押して戻るか
   - 腹部：破れや変色がないか

4. 惣菜のチェックポイント
   - 外観：つや、彩りが良いか
   - 温度：適温で提供されているか
   - 香り：異臭がないか
   - 時間：調理後の経過時間は適切か

■ 鮮度不良品の処理","8"
"DOC017","鮮度管理マニュアル","マニュアル","品質管理部","2025-03-01 17:00:00.000","2025-03-01 17:00:00.000","3.0","■ 鮮度不良品の処理

1. 判断基準
   - 外観・色・香りが変化している
   - 消費期限・賞味期限が切れている
   - 温度管理基準を逸脱した時間が長い
   - 包装の破損・汚損がある

2. 処理手順
   - 売場から速やかに撤去
   - 廃棄記録に記入（商品名、数量、理由）
   - 専用廃棄ボックスに分別
   - 関連商品の鮮度確認

3. 鮮度不良の分析と対策
   - 不良発生パターンの分析
   - 調達・物流・店舗オペレーションの問題点特定
   - 改善策の立案と実施
   - 効果検証と標準作業の見直し","9"
"DOC017","鮮度管理マニュアル","マニュアル","品質管理部","2025-03-01 17:00:00.000","2025-03-01 17:00:00.000","3.0","※ 本マニュアルは2024年5月改訂版です。食品衛生法およびHACCP関連法規の改正に
対応して内容を更新しています。不明点は品質管理部（内線3344）までお問い合わせください。","10"
"DOC029","従業員教育プログラム基本方針","方針書","人材開発部","2025-03-01 17:00:00.000","2025-03-01 17:00:00.000","1.0","【スノーリテール 従業員教育プログラム基本方針】

■ 教育理念

スノーリテールでは、「人財なくして企業の成長なし」という考えのもと、
すべての従業員が能力を最大限に発揮し、やりがいを持って働ける環境づくりを
目指します。教育・研修を通じて、企業理念を体現できる人財を育成し、
お客様満足度の向上と企業の持続的成長を実現します。

■ 教育体系の全体像","0"
"DOC029","従業員教育プログラム基本方針","方針書","人材開発部","2025-03-01 17:00:00.000","2025-03-01 17:00:00.000","1.0","■ 教育体系の全体像

1. 階層別教育
   - 新入社員研修
   - 若手社員フォローアップ研修（入社2〜3年目）
   - 中堅社員研修（入社4〜7年目）
   - 監督者研修（主任・係長クラス）
   - 管理職研修（店長・課長クラス）
   - 経営幹部研修（部長クラス以上）

2. 職種別専門教育
   - 店舗運営スキル
   - 商品知識
   - 接客サービス
   - マーチャンダイジング
   - 店舗管理
   - 販売促進","1"
"DOC029","従業員教育プログラム基本方針","方針書","人材開発部","2025-03-01 17:00:00.000","2025-03-01 17:00:00.000","1.0","3. 選抜教育
   - 次世代リーダー育成プログラム
   - 経営幹部候補育成プログラム
   - 専門スキルエキスパート育成
   - 海外研修プログラム

4. 自己啓発支援
   - eラーニングシステム
   - 通信教育講座補助
   - 資格取得支援
   - 社内勉強会

■ 階層別教育プログラムの特徴

1. 新入社員教育（入社1年目）
   [目的]
   - 企業理念・行動規範の理解
   - 基本業務スキルの習得
   - 社会人としての基礎力養成
   - 職場への円滑な適応","2"
"DOC029","従業員教育プログラム基本方針","方針書","人材開発部","2025-03-01 17:00:00.000","2025-03-01 17:00:00.000","1.0","[研修内容]
   - 入社時集合研修（2週間）
   - OJTトレーニング（3ヶ月）
   - フォローアップ研修（入社3ヶ月後、6ヶ月後）
   - メンター制度によるサポート（1年間）

2. 若手社員教育（入社2〜3年目）
   [目的]
   - 業務の幅と深さの拡大
   - 問題解決能力の向上
   - 後輩指導の基礎力養成
   - キャリア意識の形成

   [研修内容]
   - 業務専門性強化研修
   - 問題解決研修
   - 後輩指導スキル研修
   - キャリア設計ワークショップ","3"
"DOC029","従業員教育プログラム基本方針","方針書","人材開発部","2025-03-01 17:00:00.000","2025-03-01 17:00:00.000","1.0","3. 中堅社員教育（入社4〜7年目）
   [目的]
   - 組織の中核としての役割認識
   - 業務の効率化・改善能力向上
   - 部下・後輩の育成能力強化
   - 専門分野でのエキスパート化

   [研修内容]
   - リーダーシップ開発研修
   - 業務改善手法研修
   - コーチング研修
   - 専門スキル高度化研修

4. 監督者教育（主任・係長クラス）
   [目的]
   - チームマネジメント能力の開発
   - 業務計画立案・実行力強化
   - 人財育成スキルの向上
   - 組織目標達成への貢献","4"
"DOC029","従業員教育プログラム基本方針","方針書","人材開発部","2025-03-01 17:00:00.000","2025-03-01 17:00:00.000","1.0","[研修内容]
   - マネジメント基礎研修
   - 労務管理研修
   - 部下育成・評価研修
   - 目標設定・管理研修

5. 管理職教育（店長・課長クラス）
   [目的]
   - 経営視点の醸成
   - 組織マネジメント能力の強化
   - 戦略立案・実行力の向上
   - 次世代リーダーの育成

   [研修内容]
   - 経営戦略理解研修
   - 組織開発研修
   - 財務・数値管理研修
   - リスクマネジメント研修

■ 職種別専門教育プログラム","5"
"DOC029","従業員教育プログラム基本方針","方針書","人材開発部","2025-03-01 17:00:00.000","2025-03-01 17:00:00.000","1.0","■ 職種別専門教育プログラム

1. 店舗運営スキル
   - 売場管理・レイアウト設計
   - 在庫管理・発注スキル
   - 損益管理・予算コントロール
   - 作業効率化・標準化手法

2. 商品知識
   - 部門別商品知識（青果・精肉・鮮魚・惣菜・グロサリー等）
   - 商品トレンド研修
   - メーカー工場見学
   - 品質管理・食品衛生

3. 接客サービス
   - 接客マナー・話法
   - クレーム対応
   - 顧客心理理解
   - 接客ロールプレイング","6"
"DOC029","従業員教育プログラム基本方針","方針書","人材開発部","2025-03-01 17:00:00.000","2025-03-01 17:00:00.000","1.0","4. マーチャンダイジング
   - MD基礎理論
   - 売場構成・棚割作成
   - 販売計画策定
   - 商品開発プロセス

■ 教育方法と特色

1. 集合研修
   - 講義型研修
   - ワークショップ形式
   - ケーススタディ
   - グループディスカッション
   - ロールプレイング

2. OJT（実務を通じた教育）
   - トレーナー制度
   - 業務マニュアルの整備
   - 習熟度チェックリスト
   - フィードバック面談","7"
"DOC029","従業員教育プログラム基本方針","方針書","人材開発部","2025-03-01 17:00:00.000","2025-03-01 17:00:00.000","1.0","3. Off-JT（実務外の教育）
   - 社内研修センターでの研修
   - 外部セミナー派遣
   - eラーニング
   - 社外交流研修

4. 自己啓発支援
   - 通信教育受講補助（費用の70%会社負担）
   - 推奨資格取得支援（合格時全額補助）
   - 社内勉強会の開催支援
   - 専門書籍購入補助

■ 研修評価とフォローアップ

1. 研修効果測定
   - 研修前後の知識・スキルテスト
   - 行動変容評価（360度評価）
   - 業績への影響分析
   - 受講者満足度調査","8"
"DOC029","従業員教育プログラム基本方針","方針書","人材開発部","2025-03-01 17:00:00.000","2025-03-01 17:00:00.000","1.0","2. フォローアップ体制
   - 研修後アクションプランの実践
   - 上長によるOJTサポート
   - フォローアップセッションの実施
   - メンターによる継続的支援

3. 教育履歴の管理
   - 個人別教育履歴データベース
   - スキルマップの作成と更新
   - 次期教育計画への反映
   - 人事評価との連動

■ 年間教育スケジュール（2024年度）

4月-6月：
- 新入社員研修
- 新任管理職研修
- 食品衛生管理研修

7月-9月：
- 中堅社員研修
- 接客サービス向上研修
- 商品知識専門研修","9"
"DOC029","従業員教育プログラム基本方針","方針書","人材開発部","2025-03-01 17:00:00.000","2025-03-01 17:00:00.000","1.0","10月-12月：
- 若手社員フォローアップ研修
- 店長研修
- マーチャンダイジング研修

1月-3月：
- 次年度管理職候補研修
- 経営幹部研修
- 年度末振り返り研修

※ 本方針は2024年4月改訂版です。各店舗や部門の特性に応じて、本部人材開発部と
協議の上、独自の教育プログラムを追加することも推奨します。従業員一人ひとりの
成長がスノーリテールの成長につながるという認識のもと、積極的な人材育成に
取り組みましょう。","10"
"DOC025","在庫管理・発注業務マニュアル","マニュアル","商品部","2025-03-01 17:00:00.000","2025-03-01 17:00:00.000","2.5","【スノーリテール 在庫管理・発注業務マニュアル】

■ 在庫管理の基本方針

スノーリテールでは「適正在庫の維持」「鮮度管理の徹底」「廃棄ロスの最小化」を
在庫管理の基本方針とします。お客様に新鮮で品質の良い商品を安定して提供するため、
計画的かつ効率的な在庫管理・発注を行いましょう。

■ 発注業務の基本

1. 発注計画の立案
   - 週間・日別の売上計画に基づく発注計画策定
   - 季節要因・天候要因・イベント要因の考慮
   - 特売商品の事前確保
   - 棚割変更・新商品導入時の調整","0"
"DOC025","在庫管理・発注業務マニュアル","マニュアル","商品部","2025-03-01 17:00:00.000","2025-03-01 17:00:00.000","2.5","2. 発注のタイミング
   - 部門別発注締め時間の厳守
   - 青果・精肉・鮮魚：前日午前発注
   - 日配品：前日午後発注
   - 加工食品：週2回の定期発注
   - 緊急発注は例外的取扱い

3. 発注量の決定方法
   - 基本発注量＝予測販売数＋安全在庫−現在庫
   - 売れ筋商品：回転日数1〜2日分
   - 定番商品：回転日数2〜3日分
   - 季節商品：過去実績と季節係数を加味
   - 特売商品：通常の150〜200%の確保","1"
"DOC025","在庫管理・発注業務マニュアル","マニュアル","商品部","2025-03-01 17:00:00.000","2025-03-01 17:00:00.000","2.5","4. 発注システムの活用
   - ハンディターミナルによる発注（基本）
   - 自動発注対象商品の確認と調整
   - 発注履歴の確認と活用
   - 発注エラーの確認と修正

■ 在庫管理の具体的手順

1. 日次在庫管理
   - 朝礼時の在庫状況確認
   - 欠品商品のチェックと対応
   - 売れ行き確認と追加発注判断
   - 夕方の在庫状況確認と翌日発注準備

2. 週次在庫管理
   - 週初めの在庫確認と発注計画
   - 週間販促商品の在庫確保
   - スローム−バー商品の特定と対策
   - 週末商品の確保（特に生鮮食品）","2"
"DOC025","在庫管理・発注業務マニュアル","マニュアル","商品部","2025-03-01 17:00:00.000","2025-03-01 17:00:00.000","2.5","3. 在庫棚卸し
   - 定期棚卸：月1回実施
   - 実地棚卸手順の遵守
   - 在庫差異の分析と対策
   - 廃棄ロス・不明ロスの管理

4. 季節商品・特売商品の管理
   - 季節商品の早期確保と段階的発注
   - 特売商品の確保状況の確認
   - 売れ行きに応じた追加発注
   - 終売時の在庫調整

■ 部門別在庫管理のポイント

1. 青果部門
   - 鮮度管理を最優先
   - 天候要因による発注量調整
   - 産地切替時期の発注調整
   - 廃棄ロス率目標：3%以下","3"
"DOC025","在庫管理・発注業務マニュアル","マニュアル","商品部","2025-03-01 17:00:00.000","2025-03-01 17:00:00.000","2.5","2. 精肉・鮮魚部門
   - 消費期限管理の徹底
   - 週末・特売商品の発注量管理
   - パック作業計画との連動
   - 加工度に応じた発注調整

3. 日配部門
   - 日付管理の徹底
   - メーカー欠品情報の早期把握
   - 代替商品の準備
   - 新商品・終売商品の管理

4. 加工食品部門
   - 定番商品の切らさない発注
   - 販促商品の事前確保
   - 棚割変更時の在庫調整
   - 季節商品の計画的導入・終売

■ 在庫分析と改善","4"
"DOC025","在庫管理・発注業務マニュアル","マニュアル","商品部","2025-03-01 17:00:00.000","2025-03-01 17:00:00.000","2.5","■ 在庫分析と改善

1. 在庫回転率の管理
   - 部門別・カテゴリー別目標設定
   - 月次での進捗確認
   - 回転率低下商品の特定と対策
   - 死に筋商品の定義と対応

2. 欠品率の管理
   - 欠品率目標：1%以下
   - 欠品商品の記録と分析
   - 常習的欠品商品の発注方法見直し
   - メーカー・卸との情報連携強化

3. 廃棄ロスの管理
   - 部門別廃棄ロス目標設定
   - 日次廃棄記録の分析
   - ロス発生要因の特定
   - 値引き・加工対応の推進","5"
"DOC025","在庫管理・発注業務マニュアル","マニュアル","商品部","2025-03-01 17:00:00.000","2025-03-01 17:00:00.000","2.5","4. 発注精度の向上
   - 予測精度の定期検証
   - 天候・イベント係数の精度向上
   - 発注担当者の教育・訓練
   - 成功事例の共有

■ 特殊状況への対応

1. 新店・改装店の発注
   - オープン在庫の確保
   - 段階的な通常発注への移行
   - 初動売上の分析と発注調整
   - オープン特需終了後の在庫調整

2. 災害時の発注対応
   - 災害対応商品の優先確保
   - 物流状況に応じた発注調整
   - 代替調達ルートの確保
   - 長期保存商品の在庫積増し","6"
"DOC025","在庫管理・発注業務マニュアル","マニュアル","商品部","2025-03-01 17:00:00.000","2025-03-01 17:00:00.000","2.5","3. システムトラブル時の対応
   - 手動発注への切替手順
   - 緊急連絡先リストの確認
   - 過去データを参考にした発注
   - 復旧後の在庫調整

※ 本マニュアルは2024年3月改訂版です。各店舗の特性に応じて、店長判断で
一部調整が可能です。ただし、基本方針と在庫管理の原則は必ず遵守してください。","7"
"DOC024","新人研修マニュアル","マニュアル","人材開発部","2025-03-01 17:00:00.000","2025-03-01 17:00:00.000","2.0","【スノーリテール 新人研修マニュアル】

■ 研修の目的

本研修は、スノーリテールの新入社員が企業理念を理解し、基本的な業務知識と
スキルを身につけ、早期に戦力として活躍できるようになることを目的としています。

■ 研修カリキュラム概要

【第1週：基礎研修】

1日目：オリエンテーション
- 企業理念・ビジョンの理解
- 会社の歴史と事業概要
- 組織構成と主要部門の役割
- 就業規則・福利厚生の説明

2日目：小売業の基礎知識
- 小売業界の動向と特性
- スノーリテールの市場ポジショニング
- 競合他社分析
- 小売業のビジネスモデル","0"
"DOC024","新人研修マニュアル","マニュアル","人材開発部","2025-03-01 17:00:00.000","2025-03-01 17:00:00.000","2.0","3日目：接客サービスの基本
- 接客の5原則
- 挨拶・身だしなみ・言葉遣い
- お客様心理の理解
- クレーム対応の基本

4-5日目：商品知識基礎
- 各部門（青果・精肉・鮮魚・日配・加工食品等）の基礎知識
- PB商品の特徴と強み
- 商品表示の見方と説明方法
- 食品衛生と品質管理の基本

【第2週：実務研修】

1-3日目：レジ業務研修
- レジ操作の基本
- 金銭授受の注意点
- 不正防止対策
- 各種決済方法への対応

4-5日目：売場管理基礎研修
- 商品陳列の基本
- 在庫管理の基本
- 発注業務の流れ
- 値引き・廃棄の基準と手順

【第3-4週：部門別OJT研修】","1"
"DOC024","新人研修マニュアル","マニュアル","人材開発部","2025-03-01 17:00:00.000","2025-03-01 17:00:00.000","2.0","【第3-4週：部門別OJT研修】

- 配属予定部門での実地研修
- 部門別商品知識の習得
- 部門別業務フローの習得
- 先輩社員によるマンツーマン指導

■ 研修実施方法

1. 座学研修
   - グループディスカッション形式
   - ケーススタディを活用した実践的学習
   - 小テストによる理解度確認
   - 研修テキストとオンラインコンテンツの併用

2. 実技研修
   - デモンストレーションと実践
   - ロールプレイング
   - 先輩社員によるフィードバック
   - 段階的な難易度設定","2"
"DOC024","新人研修マニュアル","マニュアル","人材開発部","2025-03-01 17:00:00.000","2025-03-01 17:00:00.000","2.0","3. OJT（実務研修）
   - トレーナーによるマンツーマン指導
   - チェックリストによる習熟度確認
   - 日報による振り返りと課題設定
   - 定期的な面談によるフォローアップ

■ 評価方法

1. 知識理解度テスト
   - 各単元終了時に実施
   - 70%以上の正答率で合格
   - 不合格者への補習実施

2. 実技評価
   - 実技試験による評価
   - 評価シートによる客観的評価
   - 合格基準に満たない場合は再試験

3. 出席・態度評価
   - 出席率の確認（原則100%）
   - 積極性・協調性の評価
   - 挨拶・身だしなみの評価","3"
"DOC024","新人研修マニュアル","マニュアル","人材開発部","2025-03-01 17:00:00.000","2025-03-01 17:00:00.000","2.0","4. 総合評価
   - 知識・実技・態度の総合評価
   - トレーナーと店長による最終評価
   - フィードバック面談の実施

■ 新人研修後のフォローアップ

1. メンター制度
   - 若手先輩社員によるメンタリング
   - 定期的な面談（月2回以上）
   - 悩み相談・キャリア支援

2. フォローアップ研修
   - 入社3ヶ月後のフォロー研修
   - 6ヶ月後のスキルアップ研修
   - 1年後の振り返り研修

3. 自己啓発支援
   - eラーニング教材の提供
   - 資格取得支援制度の案内
   - 自主勉強会の奨励

■ 研修担当者向け注意事項","4"
"DOC024","新人研修マニュアル","マニュアル","人材開発部","2025-03-01 17:00:00.000","2025-03-01 17:00:00.000","2.0","■ 研修担当者向け注意事項

1. 研修準備
   - 事前に研修内容の確認と準備
   - 研修教材・備品の確認
   - 研修環境の整備
   - 受講者情報の事前確認

2. 研修実施のポイント
   - 理解度に合わせた進行調整
   - 質問しやすい雰囲気づくり
   - 具体例を交えた説明
   - 受講者の積極的参加促進

3. 多様性への配慮
   - 学習スタイルの個人差への対応
   - 外国人社員への言語サポート
   - 障がいのある社員への合理的配慮
   - 年齢・経験の差への配慮","5"
"DOC024","新人研修マニュアル","マニュアル","人材開発部","2025-03-01 17:00:00.000","2025-03-01 17:00:00.000","2.0","4. 問題対応
   - 研修についていけない社員のフォロー
   - 欠席者への補講対応
   - 体調不良者への対応
   - ハラスメント防止と対応

※ 本マニュアルは2024年4月改訂版です。研修内容は職種・配属先によって
一部カスタマイズされます。研修に関する質問や提案は人材開発部まで
お寄せください。","6"
"DOC018","在庫管理基準","基準書","店舗運営部","2025-03-01 17:00:00.000","2025-03-01 17:00:00.000","2.5","【スノーリテール 在庫管理基準】

■ 在庫管理の基本方針

スノーリテールの在庫管理は「適正在庫の維持」と「鮮度管理の徹底」を基本方針とします。
過剰在庫による廃棄ロスと機会損失を最小化し、常にお客様に新鮮な商品を提供することを
目指します。

■ 発注管理","0"
"DOC018","在庫管理基準","基準書","店舗運営部","2025-03-01 17:00:00.000","2025-03-01 17:00:00.000","2.5","■ 発注管理

1. 発注タイミング
   【自動発注システム対象商品】
   - 日配品：毎日10時に自動計算
   - 加工食品：週3回（月・水・金）
   - 飲料・菓子：週2回（火・金）
   
   【手動発注商品】
   - 生鮮食品：毎日15時までに発注
   - 惣菜材料：前日17時までに発注
   - 特売商品：販促カレンダーに従い事前発注","1"
"DOC018","在庫管理基準","基準書","店舗運営部","2025-03-01 17:00:00.000","2025-03-01 17:00:00.000","2.5","2. 発注数量算定方法
   - 基本発注数量 = 予測販売数量 + 安全在庫 - 現在庫
   - 予測販売数量 = 過去4週平均 × 季節係数 × 曜日係数 × 天候係数
   - 安全在庫 = 平均販売数量 × リードタイム × 1.2

3. 発注権限
   - 通常発注：各部門担当者
   - 特別発注（通常の120%超）：部門チーフ承認
   - 大量発注（通常の150%超）：店長承認
   - 特別仕入れ：バイヤー申請、店長承認","2"
"DOC018","在庫管理基準","基準書","店舗運営部","2025-03-01 17:00:00.000","2025-03-01 17:00:00.000","2.5","4. 発注精度向上策
   - 週次の発注精度レポート確認
   - 月次の発注分析会議
   - AI需要予測システムとの照合
   - 気象情報、地域イベント情報の活用

■ 在庫管理

1. 在庫確認の頻度
   - 定番商品：毎日開店前
   - 特売商品：販売開始前、途中2回
   - 季節商品：午前・午後各1回
   - 日配品：朝・昼・夕3回

2. 在庫データ更新
   - バックヤード在庫：入荷時、棚出し時
   - 売場在庫：朝の在庫確認時、補充時
   - システム在庫：日次での実地棚卸との照合
   - 廃棄数：発生都度入力","3"
"DOC018","在庫管理基準","基準書","店舗運営部","2025-03-01 17:00:00.000","2025-03-01 17:00:00.000","2.5","3. 適正在庫水準（販売日数換算）
   - 青果：1〜2日分
   - 精肉：1〜3日分
   - 鮮魚：1日分
   - 惣菜：0.5日分
   - 日配品：2〜3日分
   - 加工食品：7〜14日分
   - 飲料・菓子：7〜10日分

4. 在庫回転率目標
   - 青果部門：週6.0回転
   - 精肉部門：週5.0回転
   - 鮮魚部門：週5.5回転
   - 惣菜部門：週7.0回転
   - 日配部門：週4.5回転
   - 加工食品部門：週1.5回転
   - 飲料・菓子部門：週1.2回転

■ 棚卸の実施","4"
"DOC018","在庫管理基準","基準書","店舗運営部","2025-03-01 17:00:00.000","2025-03-01 17:00:00.000","2.5","■ 棚卸の実施

1. 定期棚卸
   - 全店舗月末一斉棚卸：全商品対象
   - 週次抜取棚卸：高額商品、回転率の高い商品
   - 日次実地棚卸：生鮮3部門、惣菜部門

2. 棚卸方法
   - ハンディターミナルを使用
   - 2名1組で実施（読み上げ、入力分担）
   - バックヤード→売場の順で実施
   - 専用集計システムへの入力","5"
"DOC018","在庫管理基準","基準書","店舗運営部","2025-03-01 17:00:00.000","2025-03-01 17:00:00.000","2.5","3. 実地棚卸と理論在庫の差異分析
   - 許容範囲：生鮮・惣菜部門2%以内、その他部門1%以内
   - 差異原因調査：廃棄計上漏れ、検品ミス、商品ロス
   - 差異是正方法：原因対策の立案と実行
   - 差異が大きい場合の再棚卸の実施

■ 商品ロス管理

1. 商品ロスの分類
   - 破損ロス：取扱い不備による破損
   - 鮮度ロス：期限切れなど品質劣化
   - 値引きロス：値引き販売による差額
   - 不明ロス：原因不明の在庫減少","6"
"DOC018","在庫管理基準","基準書","店舗運営部","2025-03-01 17:00:00.000","2025-03-01 17:00:00.000","2.5","2. ロス目標値（売上比）
   - 青果部門：2.5%以下
   - 精肉部門：2.0%以下
   - 鮮魚部門：2.5%以下
   - 惣菜部門：3.0%以下
   - 日配部門：1.0%以下
   - 加工食品部門：0.5%以下
   - 全店合計：1.8%以下

3. ロス削減策
   - 適正発注による過剰在庫防止
   - 先入れ先出しの徹底
   - 値引き販売のタイミング最適化
   - 商品別ロス分析と対策立案

4. ロス記録
   - 廃棄記録：商品名、数量、理由を記録
   - 毎日の部門別ロス集計
   - 週次のロス分析会議
   - 月次のロス削減施策検討会議","7"
"DOC018","在庫管理基準","基準書","店舗運営部","2025-03-01 17:00:00.000","2025-03-01 17:00:00.000","2.5","■ 在庫管理システムの活用

1. 基本機能
   - 自動発注機能
   - 在庫照会機能
   - ロス分析機能
   - 棚卸機能

2. 日々の活用方法
   - 朝礼時：前日売上、在庫状況確認
   - 発注時：推奨発注数の確認と調整
   - 昼間：売上進捗、在庫推移確認
   - 夕方：翌日の在庫予測確認

3. 活用のポイント
   - 季節変動要因の手動調整
   - 特殊要因（天候、イベント）の反映
   - システム予測と経験則のバランス
   - 定期的なパラメータの見直し

■ 店舗間の在庫移動","8"
"DOC018","在庫管理基準","基準書","店舗運営部","2025-03-01 17:00:00.000","2025-03-01 17:00:00.000","2.5","■ 店舗間の在庫移動

1. 移動対象商品
   - 売れ筋商品の欠品補充
   - 季節商品の過不足調整
   - 消費期限が近い商品の有効活用

2. 移動手順
   - 店舗間在庫照会システムで確認
   - 提供店舗、受取店舗双方の合意
   - 専用移動伝票の作成
   - 配送手配と受領確認

3. 移動時の注意点
   - 商品状態の確認
   - 温度管理の徹底
   - 移動時間の最小化
   - システム上の在庫移動処理

※ 本基準は2024年4月改訂版です。在庫管理システムのアップデートに伴い、
一部機能が変更されています。基準値は四半期ごとに見直されます。","9"
"DOC013","クレーム対応手順書","マニュアル","カスタマーサービス部","2025-03-01 17:00:00.000","2025-03-01 17:00:00.000","2.4","【スノーリテール クレーム対応手順書】

■ クレーム対応の基本姿勢

お客様からのクレームは、私たちの商品・サービスを改善する貴重な機会です。
感情的にならず、誠実に対応し、問題解決とお客様満足度の回復に努めましょう。

■ 基本的な対応の流れ（LASCAR法）

L（Listen）：傾聴する
- お客様の話を最後まで中断せずに聞く
- メモを取りながら要点を確認
- 共感の言葉や相づちで傾聴していることを示す","0"
"DOC013","クレーム対応手順書","マニュアル","カスタマーサービス部","2025-03-01 17:00:00.000","2025-03-01 17:00:00.000","2.4","A（Apologize）：謝罪する
- 状況に関わらず、まずはお客様の不快な思いに対して謝罪
- 「ご不快な思いをさせてしまい、申し訳ございません」
- 謝罪は簡潔に、繰り返しすぎない

S（Solve）：解決策を提示する
- 可能な解決策を複数提案
- 店舗で即時対応できることを優先的に提案
- 対応に時間がかかる場合は経過報告の時期を伝える

C（Confirm）：確認する
- 提案した解決策にお客様が納得されているか確認
- 「このような対応でよろしいでしょうか？」
- 追加の要望がないか確認","1"
"DOC013","クレーム対応手順書","マニュアル","カスタマーサービス部","2025-03-01 17:00:00.000","2025-03-01 17:00:00.000","2.4","A（Act）：行動する
- 約束した対応を迅速に実行
- 関係部署との連携を円滑に行う
- 対応の進捗状況を適宜報告

R（Record）：記録する
- クレーム内容と対応策を記録
- 類似事例の防止策を検討
- 定期的な分析で再発防止に活かす

■ クレームの種類別対応例

1. 商品品質に関するクレーム
   【対応例】
   - 商品の状態を確認し、写真撮影（可能であれば）
   - 商品交換または返金処理
   - 同一ロットの商品チェック
   - 製造元への報告（必要に応じて）","2"
"DOC013","クレーム対応手順書","マニュアル","カスタマーサービス部","2025-03-01 17:00:00.000","2025-03-01 17:00:00.000","2.4","2. 接客態度に関するクレーム
   【対応例】
   - 該当スタッフの特定は避け、まずお詫び
   - 具体的な状況を確認（日時・場所・内容）
   - 接客教育の強化を約束
   - 必要に応じて店長から直接お詫び

3. 価格表示に関するクレーム
   【対応例】
   - 実際の表示を確認
   - 表示に誤りがあれば正しい価格で販売
   - POP・価格表示の即時修正
   - 同様の表示ミスがないか全店舗チェック","3"
"DOC013","クレーム対応手順書","マニュアル","カスタマーサービス部","2025-03-01 17:00:00.000","2025-03-01 17:00:00.000","2.4","4. 店舗設備に関するクレーム
   【対応例】
   - 該当設備の状況確認
   - 応急処置で対応可能か判断
   - 修理依頼と完了予定日の案内
   - 代替手段の提案（必要に応じて）

■ エスカレーション基準

以下の場合は、速やかに上位者（店長・エリアマネージャー）にエスカレーション：
1. 法的責任が問われる可能性がある場合
2. お客様のケガや健康被害が発生した場合
3. 金銭的な賠償が必要と思われる場合
4. SNSなどで拡散する可能性がある場合
5. 報道機関が関与する可能性がある場合
6. 同一お客様から複数回のクレームがある場合

■ 記録と報告","4"
"DOC013","クレーム対応手順書","マニュアル","カスタマーサービス部","2025-03-01 17:00:00.000","2025-03-01 17:00:00.000","2.4","■ 記録と報告

1. クレーム受付記録フォーム（店舗システム内）に入力
   - 日時、お客様情報（任意）
   - クレーム内容（5W1H）
   - 対応内容と結果
   - 再発防止策

2. 週次クレーム報告会議で共有
   - 全店舗の事例を共有
   - 水平展開すべき対策の検討
   - 再発防止策の効果確認

■ 再発防止の取り組み

1. クレーム原因の分析（月次）
2. 社内教育への反映
3. 業務プロセスの見直し
4. 商品開発へのフィードバック","5"
"DOC013","クレーム対応手順書","マニュアル","カスタマーサービス部","2025-03-01 17:00:00.000","2025-03-01 17:00:00.000","2.4","※ 本手順書は2024年2月改訂版です。クレーム対応後は必ず上長に報告し、対応内容の
振り返りを行ってください。お客様からの貴重なご意見を今後の改善に活かしましょう。","6"
"DOC023","従業員行動規範","規範","人事部","2025-03-01 17:00:00.000","2025-03-01 17:00:00.000","1.0","【スノーリテール 従業員行動規範】

■ 行動規範の目的と適用範囲

本行動規範は、スノーリテールの全従業員が企業理念に基づいた行動をとるための
指針です。正社員、パート・アルバイト、契約社員、派遣社員など雇用形態を問わず、
スノーリテールで働く全ての人々に適用されます。

■ 企業理念と行動指針

企業理念：「食と暮らしの豊かさを創造し、地域社会に貢献する」

行動指針：
1. 顧客満足を最優先する
2. 品質と安全に妥協しない
3. 地域社会との共生を図る
4. 公正・透明な事業活動を行う
5. 従業員の成長と働きがいを大切にする

■ お客様に対する行動規範","0"
"DOC023","従業員行動規範","規範","人事部","2025-03-01 17:00:00.000","2025-03-01 17:00:00.000","1.0","■ お客様に対する行動規範

1. お客様対応の基本
   - 笑顔と挨拶を欠かさない
   - お客様の立場に立って考える
   - 迅速かつ丁寧な対応を心がける
   - わからないことは必ず確認する

2. 商品・サービスの提供
   - 安全で高品質な商品のみを提供する
   - 正確かつわかりやすい情報を提供する
   - 誇大広告や虚偽表示は行わない
   - お客様の声を商品・サービス改善に活かす","1"
"DOC023","従業員行動規範","規範","人事部","2025-03-01 17:00:00.000","2025-03-01 17:00:00.000","1.0","3. 個人情報保護
   - お客様の個人情報を適切に管理する
   - 業務目的以外での個人情報の利用禁止
   - 個人情報の社外持ち出し禁止
   - 漏洩事故発生時は迅速に報告・対応する

■ 職場における行動規範

1. 相互尊重
   - 役職や雇用形態による差別をしない
   - 多様な価値観や個性を尊重する
   - ハラスメント行為は絶対に行わない
   - 協力し合い、チームワークを大切にする

2. 公正な評価と育成
   - 能力と成果に基づく公正な評価
   - 成長機会の公平な提供
   - 積極的な知識・技術の共有
   - 後進の育成に努める","2"
"DOC023","従業員行動規範","規範","人事部","2025-03-01 17:00:00.000","2025-03-01 17:00:00.000","1.0","3. 安全衛生の確保
   - 安全手順の遵守
   - 不安全行動・状態の報告
   - 心身の健康管理
   - 適切な労働時間の管理

4. 会社資産の保護
   - 会社資産の私的利用禁止
   - 知的財産の適切な管理
   - 経費の適正利用
   - 情報セキュリティルールの遵守

■ 公正な事業活動

1. 法令遵守
   - 食品衛生法・JAS法・景品表示法等の遵守
   - 労働関連法規の遵守
   - 環境関連法規の遵守
   - 知的財産権の尊重","3"
"DOC023","従業員行動規範","規範","人事部","2025-03-01 17:00:00.000","2025-03-01 17:00:00.000","1.0","2. 公正な取引
   - 取引先との対等なパートナーシップ構築
   - 優越的地位の濫用禁止
   - 贈収賄の禁止
   - 利益相反行為の回避

3. 反社会的勢力との関係遮断
   - 反社会的勢力との取引禁止
   - 不当要求には毅然とした対応
   - 疑わしい団体・個人の報告義務
   - 関係遮断のための組織的対応

■ 社会との関わり

1. 環境保全活動
   - 省エネ・省資源の推進
   - 廃棄物の削減とリサイクル
   - 環境負荷の少ない商品開発
   - 地域の環境活動への参加","4"
"DOC023","従業員行動規範","規範","人事部","2025-03-01 17:00:00.000","2025-03-01 17:00:00.000","1.0","2. 地域社会への貢献
   - 地域イベントへの積極参加
   - 地域産品の積極的な取扱い
   - 食育活動の推進
   - 災害時の支援活動

3. 情報発信と対話
   - 正確で透明性の高い情報開示
   - ステークホルダーとの対話促進
   - SNS利用時の責任ある行動
   - 会社の評判を損なう言動の禁止

■ 違反時の対応

1. 報告義務
   - 違反行為を発見した場合の報告義務
   - 内部通報制度（スノーホットライン）の利用
   - 通報者の保護
   - 誠実な調査への協力","5"
"DOC023","従業員行動規範","規範","人事部","2025-03-01 17:00:00.000","2025-03-01 17:00:00.000","1.0","2. 違反時の処分
   - 就業規則に基づく懲戒処分
   - 是正措置と再発防止策の実施
   - 関係当局への報告（必要時）
   - 被害者への適切な対応

■ 行動規範の浸透と見直し

1. 教育・研修
   - 入社時の行動規範研修
   - 定期的な倫理研修
   - 事例に基づく討議
   - 管理職による率先垂範

2. モニタリングと見直し
   - 定期的なコンプライアンス調査
   - 行動規範の定期的見直し
   - 社会環境変化への対応
   - 従業員からのフィードバック反映","6"
"DOC023","従業員行動規範","規範","人事部","2025-03-01 17:00:00.000","2025-03-01 17:00:00.000","1.0","※ 本行動規範は2024年2月改訂版です。スノーリテールの全従業員は、
本行動規範を理解し、日々の業務において実践してください。
行動規範に関する質問や懸念事項は、上長または法務・コンプライアンス部に
相談してください。","7"
"DOC002","プライベートブランド商品開発ガイドライン","ガイドライン","商品開発部","2025-03-01 17:00:00.000","2025-03-01 17:00:00.000","2.1","1. スノーリテールPB商品の開発方針
私たちのPB商品は、「品質」「価格」「独自性」の3つの価値を
提供することを目指します。

2. 商品開発プロセス
Step1: 市場調査とニーズ分析
Step2: 商品コンセプトの策定
Step3: 製造委託先の選定
Step4: 品質テストと改良
Step5: パッケージデザインと価格設定
Step6: 販売計画の策定

3. 品質基準
- 原材料は国内産を優先的に使用
- 添加物の使用は必要最小限に抑える
- 製造工程の厳密な品質管理
- 定期的な品質検査の実施","0"
"DOC002","プライベートブランド商品開発ガイドライン","ガイドライン","商品開発部","2025-03-01 17:00:00.000","2025-03-01 17:00:00.000","2.1","4. 価格設定
- ナショナルブランドと比較して20-30%低価格
- 適正な利益率の確保
- 価格帯別の商品展開","1"
"DOC020","食品表示ガイドライン","ガイドライン","品質管理部","2025-03-01 17:00:00.000","2025-03-01 17:00:00.000","2.6","【スノーリテール 食品表示ガイドライン】

■ 食品表示の基本原則

スノーリテールでは、食品表示法および関連法令を遵守し、お客様に正確で
わかりやすい食品情報を提供します。特にPB商品および店内加工品については、
法令以上の情報開示に努めます。

■ 表示項目と記載方法","0"
"DOC020","食品表示ガイドライン","ガイドライン","品質管理部","2025-03-01 17:00:00.000","2025-03-01 17:00:00.000","2.6","■ 表示項目と記載方法

1. 必須表示事項
   - 名称：内容を的確に表す一般的名称
   - 原材料名：使用量の多い順に記載
   - 添加物：原材料と明確に区分して記載
   - 内容量：計量法に基づく単位で表示
   - 賞味期限/消費期限：年月日で表示
   - 保存方法：適切な保存条件を明記
   - 製造者/販売者：社名・住所・電話番号を記載
   - アレルゲン：特定原材料7品目は必須、21品目は推奨
   - 栄養成分表示：エネルギー・たんぱく質・脂質・炭水化物・食塩相当量","1"
"DOC020","食品表示ガイドライン","ガイドライン","品質管理部","2025-03-01 17:00:00.000","2025-03-01 17:00:00.000","2.6","2. 強調表示の条件
   - 「無添加」：該当添加物が一切使用されていない場合のみ
   - 「低カロリー」：100gあたり40kcal以下の場合のみ
   - 「減塩」：同種の商品と比較して食塩相当量が25%以上低減
   - 「有機」：有機JAS認証を取得した原材料のみ

3. 原産地表示
   - 生鮮食品：必ず原産地を表示
   - 加工食品：主要原材料の原産地を表示
   - 牛肉：個体識別番号を必ず表示
   - 魚介類：養殖・解凍の別を明記

■ 店内加工品の表示","2"
"DOC020","食品表示ガイドライン","ガイドライン","品質管理部","2025-03-01 17:00:00.000","2025-03-01 17:00:00.000","2.6","■ 店内加工品の表示

1. 惣菜・弁当類
   - 商品名、消費期限、アレルゲン情報を必須表示
   - 調理日時の記載
   - 温度管理区分の明示（要冷蔵/要冷凍）
   - 原材料情報の店内掲示またはQRコード活用

2. ベーカリー
   - 商品名、消費期限、アレルゲン情報を必須表示
   - 「本日製造」の表記は製造から12時間以内のみ使用可
   - 小麦粉の原産地情報の開示
   - 乳・卵の使用状況を明確表示

3. 精肉・鮮魚の店内加工品
   - 加工日時の明記
   - 原料原産地の表示
   - 消費期限の明示
   - 調理方法の推奨

■ PB商品の表示基準","3"
"DOC020","食品表示ガイドライン","ガイドライン","品質管理部","2025-03-01 17:00:00.000","2025-03-01 17:00:00.000","2.6","■ PB商品の表示基準

1. 表示の原則
   - 法定事項に加え、QRコードによる詳細情報へのリンク
   - 商品特長を簡潔に記載
   - 従来品との違いを明確に表現（該当する場合）
   - お客様問い合わせ窓口の電話番号記載

2. 環境配慮表示
   - リサイクル適性マークの表示
   - 環境配慮素材使用の場合はその旨を記載
   - CO2削減量（従来品比）の表示（該当する場合）

3. 機能性表示
   - 届出番号の明記
   - 科学的根拠の概要を記載
   - 摂取上の注意事項を明記

■ 表示確認プロセス","4"
"DOC020","食品表示ガイドライン","ガイドライン","品質管理部","2025-03-01 17:00:00.000","2025-03-01 17:00:00.000","2.6","■ 表示確認プロセス

1. PB商品の表示確認フロー
   - 商品開発部による一次確認
   - 品質管理部による二次確認
   - 法務部の最終確認
   - 製造委託先との相互確認

2. 店内加工品の表示確認フロー
   - 部門責任者による確認
   - 店長または副店長の承認
   - 定期的な本部監査の実施

3. 表示ミス発生時の対応
   - 即時販売中止
   - 店長および本部への報告
   - 回収判断と対応策の決定
   - 再発防止策の策定と水平展開

■ 注意すべき表示違反事例","5"
"DOC020","食品表示ガイドライン","ガイドライン","品質管理部","2025-03-01 17:00:00.000","2025-03-01 17:00:00.000","2.6","■ 注意すべき表示違反事例

1. 優良誤認（実際よりも優良であると誤認させる表示）
   - 「国産」の強調（原材料の一部のみが国産の場合）
   - 「無添加」（特定の添加物のみ不使用の場合）
   - 実際より良く見える商品写真の使用

2. 有利誤認（実際よりも有利な取引と誤認させる表示）
   - 二重価格表示の誤用
   - 「通常価格」の虚偽表示
   - セール品の販売数量制限の不明確表示

※ 本ガイドラインは2024年1月改訂版です。食品表示に関する法令改正があった
場合は本部からの通達に従ってください。不明点は品質管理部にお問い合わせください。","6"
"DOC012","接客対応ガイドライン","ガイドライン","接客サービス部","2025-03-01 17:00:00.000","2025-03-01 17:00:00.000","2.0","【スノーリテール 接客対応ガイドライン】

■ 接客の基本理念

スノーリテールの接客は「お客様の期待を超える体験の提供」を目指します。
私たちは単なる商品販売ではなく、食と生活を豊かにする体験と価値を提供する
存在であることを常に意識しましょう。

■ 基本的な接客マナー

1. 挨拶
   - 来店時：明るく「いらっしゃいませ」と笑顔で挨拶
   - 会計時：「ありがとうございます」と感謝の気持ちを伝える
   - 退店時：「またお越しください」と次回来店を促す言葉をかける","0"
"DOC012","接客対応ガイドライン","ガイドライン","接客サービス部","2025-03-01 17:00:00.000","2025-03-01 17:00:00.000","2.0","2. 身だしなみ
   - 制服は清潔に保ち、シワや汚れがないよう注意
   - 名札は見やすい位置に着用
   - 長い髪はまとめる、派手なアクセサリーは避ける
   - 爪は短く切り、清潔に保つ

3. 言葉遣い
   - 敬語を正しく使用する（「〜でございます」「恐れ入ります」など）
   - 丁寧なトーンで、聞き取りやすい声量で話す
   - 「できません」などの否定表現は避け、代替案を提示
   - 専門用語をなるべく避け、わかりやすい言葉で説明

■ 場面別対応ガイド","1"
"DOC012","接客対応ガイドライン","ガイドライン","接客サービス部","2025-03-01 17:00:00.000","2025-03-01 17:00:00.000","2.0","■ 場面別対応ガイド

1. 商品案内
   - お客様の要望をよく聞き、適切な商品を複数提案
   - 商品の特徴や使い方を具体的に説明
   - 比較ポイントを明確に伝える
   - お客様の決断を急かさない

2. お問い合わせ対応
   - お客様の質問に対して的確な情報提供
   - わからないことは「確認してまいります」と伝え、上司に確認
   - お待たせする場合は、待ち時間の目安を伝える
   - 回答後、「他にご質問はございますか？」と確認","2"
"DOC012","接客対応ガイドライン","ガイドライン","接客サービス部","2025-03-01 17:00:00.000","2025-03-01 17:00:00.000","2.0","3. クレーム対応
   - まずはお客様の話をよく聞き、状況を理解
   - 「ご迷惑をおかけして申し訳ございません」と謝罪
   - 解決策を提案し、対応を迅速に行う
   - 対応できない場合は責任者に取り次ぐ

4. 高齢者・お身体の不自由なお客様への対応
   - 必要に応じてお買い物のサポートを提案
   - 商品を手に取りやすいよう配慮
   - ゆっくりと丁寧に説明
   - 必要に応じて大きな文字の案内や筆談も活用

■ スノーリテール独自の取り組み","3"
"DOC012","接客対応ガイドライン","ガイドライン","接客サービス部","2025-03-01 17:00:00.000","2025-03-01 17:00:00.000","2.0","■ スノーリテール独自の取り組み

1. パーソナライズドサービス
   - 常連のお客様の好みを覚え、次回来店時に活かす
   - ポイントカード会員には会員特典を積極的に案内
   - 季節の変わり目には新商品や季節商品を提案

2. 専門知識の活用
   - 生鮮食品の産地や特徴を説明できるようにする
   - 調理方法や保存方法のアドバイスを提供
   - PB商品の特徴や開発ストーリーを伝える

3. デジタルツールの活用
   - 店舗アプリの使い方案内
   - セルフレジの操作サポート
   - オンラインショップとの連携案内

■ 評価指標","4"
"DOC012","接客対応ガイドライン","ガイドライン","接客サービス部","2025-03-01 17:00:00.000","2025-03-01 17:00:00.000","2.0","■ 評価指標

1. お客様満足度調査
2. ミステリーショッパー評価
3. お客様からのフィードバック
4. 売上・客数への貢献

※ 本ガイドラインは2024年3月改訂版です。日々の業務でお客様からいただく
フィードバックを元に継続的に改善していきます。ご不明点がある場合は
店長または教育担当者にお問い合わせください。","5"
"DOC021","店舗衛生管理マニュアル","マニュアル","品質管理部","2025-03-01 17:00:00.000","2025-03-01 17:00:00.000","3.0","【スノーリテール 店舗衛生管理マニュアル】

■ 衛生管理の基本方針

スノーリテールでは、「食の安全は妥協しない」という基本方針のもと、
全ての店舗で高水準の衛生管理を徹底しています。本マニュアルを遵守し、
お客様に安心して食品をお買い求めいただける環境を維持しましょう。

■ 従業員の衛生管理

1. 健康管理
   - 出勤前の健康チェック（体温、体調確認）
   - 発熱、下痢、嘔吐等の症状がある場合は食品取扱業務に従事しない
   - 月1回の健康診断記録の確認
   - 感染症罹患時の報告義務","0"
"DOC021","店舗衛生管理マニュアル","マニュアル","品質管理部","2025-03-01 17:00:00.000","2025-03-01 17:00:00.000","3.0","2. 手洗い
   - 食品取扱前、トイレ使用後、金銭取扱後、清掃後は必ず実施
   - 正しい手洗い手順の遵守（30秒以上かけて丁寧に）
   - 爪ブラシ使用による爪の間の洗浄
   - ペーパータオルでの拭き取り

3. 作業着・身だしなみ
   - 清潔な専用作業着の着用（毎日交換）
   - 髪の毛の完全な覆い（ヘアネット着用）
   - アクセサリー、マニキュア、つけまつげ等の禁止
   - 使い捨て手袋の適切な使用と交換

■ 店舗施設・設備の衛生管理","1"
"DOC021","店舗衛生管理マニュアル","マニュアル","品質管理部","2025-03-01 17:00:00.000","2025-03-01 17:00:00.000","3.0","■ 店舗施設・設備の衛生管理

1. 売場の清掃
   - 開店前・閉店後の床面清掃
   - 商品棚の拭き掃除（週3回以上）
   - ショーケース内部の清掃（週1回以上）
   - 天井・壁面の埃除去（月1回以上）

2. バックヤードの清掃
   - 調理場床面の清掃（1日3回以上）
   - 調理器具の洗浄・消毒（使用後毎回）
   - 冷蔵庫・冷凍庫内部の清掃（週1回以上）
   - 排水溝の清掃（毎日）","2"
"DOC021","店舗衛生管理マニュアル","マニュアル","品質管理部","2025-03-01 17:00:00.000","2025-03-01 17:00:00.000","3.0","3. トイレ・手洗い場
   - トイレ清掃チェックリストによる確認（2時間ごと）
   - 手洗い石鹸・ペーパータオルの補充
   - 消毒液の設置と補充
   - 排水口の清掃と消毒（毎日）

4. 廃棄物管理
   - 区分に従った適切な分別
   - 廃棄物保管庫の清掃（毎日）
   - 生ゴミの適切な処理（蓋付き容器での保管）
   - 害虫の発生防止対策

■ 食品取扱いの衛生管理

1. 温度管理
   - 冷蔵商品：5℃以下
   - 冷凍商品：-18℃以下
   - 温蔵商品：65℃以上
   - 温度記録表への記入（1日3回以上）","3"
"DOC021","店舗衛生管理マニュアル","マニュアル","品質管理部","2025-03-01 17:00:00.000","2025-03-01 17:00:00.000","3.0","2. 生鮮食品の取扱い
   - 定期的な鮮度チェック（色、香り、触感）
   - 異常のある商品の速やかな撤去
   - 交差汚染防止のための区分管理
   - 適切な表示（産地、消費期限等）

3. 惣菜・弁当の製造
   - 原材料の受入検査の徹底
   - 下処理→加熱→盛付の工程区分
   - 中心温度の測定と記録
   - 速やかな冷却と適切な温度管理

4. ベーカリー製品
   - 粉塵対策の徹底
   - アレルゲン混入防止対策
   - 焼成温度と時間の管理
   - 陳列時間の管理

■ 衛生管理チェック体制","4"
"DOC021","店舗衛生管理マニュアル","マニュアル","品質管理部","2025-03-01 17:00:00.000","2025-03-01 17:00:00.000","3.0","■ 衛生管理チェック体制

1. 日次チェック
   - 開店前チェックリストの実施
   - 部門責任者による確認
   - 温度管理記録の確認
   - 清掃記録の確認

2. 週次チェック
   - 店長による売場巡回チェック
   - 衛生管理不備の是正指導
   - 従業員教育の実施状況確認
   - 週次報告書の作成と本部提出

3. 月次チェック
   - 本部衛生監査員による抜き打ち検査
   - ATP検査による清浄度測定
   - 微生物検査の実施
   - 改善指導と再検査","5"
"DOC021","店舗衛生管理マニュアル","マニュアル","品質管理部","2025-03-01 17:00:00.000","2025-03-01 17:00:00.000","3.0","4. 外部機関による検査
   - 第三者機関による衛生検査（年4回）
   - 保健所の立入検査対応
   - 検査結果に基づく改善計画の策定
   - 実施状況の確認とフォローアップ

■ 異常発生時の対応

1. 食品事故発生時
   - 該当商品の販売中止と隔離
   - 店長および本部への即時報告
   - 原因調査と対策立案
   - 類似商品の点検

2. 衛生管理不備発見時
   - 発見者は直ちに上長に報告
   - 当該箇所の緊急清掃・消毒
   - 原因究明と再発防止策の検討
   - 従業員への注意喚起","6"
"DOC021","店舗衛生管理マニュアル","マニュアル","品質管理部","2025-03-01 17:00:00.000","2025-03-01 17:00:00.000","3.0","3. 害虫・異物混入発見時
   - 該当エリアの立入制限
   - 専門業者への連絡と緊急対応
   - 混入経路の特定と排除
   - 徹底的な清掃と消毒

※ 本マニュアルは2024年4月改訂版です。食品衛生法改正に伴うHACCP制度化に
対応した内容となっています。各店舗の衛生責任者は本マニュアルの内容を
全従業員に周知徹底してください。","7"
"DOC015","生鮮食品取扱いガイド","マニュアル","品質管理部","2025-03-01 17:00:00.000","2025-03-01 17:00:00.000","2.2","【スノーリテール 生鮮食品取扱いガイド】

■ 鮮度管理の基本

生鮮食品の「鮮度」はスノーリテールの競争力の源泉です。以下の基本原則に
従って厳格な鮮度管理を行ってください。

1. 温度管理
   - 野菜・果物：5〜10℃
   - 精肉：0〜4℃
   - 鮮魚：0〜2℃
   - 乳製品：2〜6℃
   - 温度記録は1日3回（朝・昼・夕）実施

2. 先入れ先出し
   - 入荷日時を確認し、古い商品から販売
   - 日付ラベルを確認して陳列順を決定
   - 特に消費期限の短い商品（刺身、総菜など）は厳格に管理","0"
"DOC015","生鮮食品取扱いガイド","マニュアル","品質管理部","2025-03-01 17:00:00.000","2025-03-01 17:00:00.000","2.2","3. 適切な取り扱い
   - 冷蔵・冷凍の温度帯を維持
   - 異なる食品カテゴリー間の交差汚染を防止
   - 床に直置きしない
   - 商品同士を強く押し付けない

■ 部門別取扱い基準

1. 青果部門
   - 入荷時チェック項目：外観、色、香り、硬さ
   - 腐敗野菜・果物の即時除去
   - カット野菜・果物は専用エリアで調製
   - 葉物野菜は霧吹きで適度な湿度を維持（2時間ごと）
   - 「スノーフレッシュ」オーガニック商品は専用トレイで陳列","1"
"DOC015","生鮮食品取扱いガイド","マニュアル","品質管理部","2025-03-01 17:00:00.000","2025-03-01 17:00:00.000","2.2","2. 精肉部門
   - 入荷時チェック項目：色、匂い、ドリップの量
   - 畜種ごとに作業エリアを分け、交差汚染を防止
   - 加工機器の洗浄・消毒を1日3回実施
   - 真空包装肉は包装の密閉性を確認
   - トレイの色分け：牛肉（黒）、豚肉（ピンク）、鶏肉（白）

3. 鮮魚部門
   - 入荷時チェック項目：目の透明度、えらの色、弾力、匂い
   - 氷の量は魚体重量の1.5倍を目安に
   - 調理用具は魚種ごとに使い分け
   - 寄生虫チェックを全ての鮮魚で実施
   - 刺身用商品はパック後、専用の冷蔵ケースで保管

■ 消費期限・賞味期限の設定と管理","2"
"DOC015","生鮮食品取扱いガイド","マニュアル","品質管理部","2025-03-01 17:00:00.000","2025-03-01 17:00:00.000","2.2","■ 消費期限・賞味期限の設定と管理

1. 消費期限の目安
   - 刺身：製造日当日
   - パック肉：製造日から2日
   - 惣菜（温蔵）：製造から3時間
   - 惣菜（冷蔵）：製造から2日
   - 寿司：製造から半日

2. 期限チェックの実施
   - 開店前：全部門で実施
   - 昼の点検：残り1日の商品をチェック
   - 閉店前：翌日期限切れ商品の値引き処理

3. 期限切れ商品の処理
   - 期限切れ商品は直ちに廃棄
   - 廃棄記録を必ず記入
   - 値引き商品は専用シールで明示

■ 値引き・廃棄の基準","3"
"DOC015","生鮮食品取扱いガイド","マニュアル","品質管理部","2025-03-01 17:00:00.000","2025-03-01 17:00:00.000","2.2","■ 値引き・廃棄の基準

1. 値引き対象商品
   - 消費期限当日の商品：30〜50%引き
   - 見た目に問題があるが品質に問題ない商品：20〜30%引き
   - 閉店間際の調理済み商品：30〜50%引き

2. 値引き時の注意点
   - 値引き理由を明記（「本日限り」「閉店セール」など）
   - 値引きシールは商品の産地・消費期限を隠さない位置に貼付
   - 1つの商品に対する値引きは1回のみ

3. 廃棄処理
   - 廃棄商品は専用容器に分別
   - 廃棄記録：商品名、数量、理由を記入
   - 廃棄率の目標：青果3%以下、精肉2%以下、鮮魚2%以下","4"
"DOC015","生鮮食品取扱いガイド","マニュアル","品質管理部","2025-03-01 17:00:00.000","2025-03-01 17:00:00.000","2.2","■ 商品事故発生時の対応

1. 異物混入発見時
   - 当該商品を販売中止
   - 同一ロットの商品を速やかに撤去
   - 品質管理部門に直ちに報告
   - 必要に応じて製造元への連絡

2. 食中毒疑い発生時
   - 関連商品の販売を直ちに停止
   - 販売済み商品の回収検討
   - 保健所への報告準備
   - 緊急連絡網に沿って報告

※ 本ガイドは2024年3月改訂版です。食品衛生法の改正に伴い、HACCP対応部分が
強化されています。不明点は品質管理部門（内線2233）までお問い合わせください。","5"
"DOC011","レジ操作マニュアル","マニュアル","店舗運営部","2025-03-01 17:00:00.000","2025-03-01 17:00:00.000","3.1","【スノーリテール レジ操作マニュアル】

■ 基本的なレジ操作手順

1. レジ起動手順
   - 担当者IDカードをカードリーダーにスキャン
   - パスワード（4桁）を入力
   - 「開始」ボタンを押す
   - レジ内現金と釣銭機の金額を確認

2. 商品登録の基本
   - バーコードスキャナーで商品をスキャン
   - バーコードが読み取れない場合は商品コード（PLU）を手入力
   - 複数個の同一商品は「数量」キーを押してから個数を入力
   - 生鮮食品など計量商品は計量機のバーコードをスキャン","0"
"DOC011","レジ操作マニュアル","マニュアル","店舗運営部","2025-03-01 17:00:00.000","2025-03-01 17:00:00.000","3.1","3. 値引き処理
   - 「値引」ボタンを押す
   - 値引額または値引率を入力
   - 「確定」ボタンを押す
   - 店長承認が必要な値引きは店長カードで承認

4. 商品の取り消し
   - 個別取消：「訂正」→取り消したい商品を選択→「確定」
   - 全取消：「取引中止」→「はい」を選択

5. 支払い処理
   - 現金支払い：「現金」ボタン→受取金額入力→「確定」
   - 電子マネー：「電子マネー」→種類選択→端末にタッチ
   - クレジットカード：「クレジット」→カード読取→暗証番号入力
   - QRコード決済：「QR決済」→種類選択→スキャナーでコード読取","1"
"DOC011","レジ操作マニュアル","マニュアル","店舗運営部","2025-03-01 17:00:00.000","2025-03-01 17:00:00.000","3.1","■ 特殊な処理

1. ポイントカード処理
   - お会計前に「ポイント」ボタンを押す
   - ポイントカードをスキャンまたは会員番号を入力
   - ポイント付与は自動計算

2. 商品返品処理
   - 「返品」ボタンを押す
   - 返品する商品をスキャン
   - 返品理由を選択（品質不良・お客様都合など）
   - 店長承認が必要な返品は店長カードで承認

3. ギフト包装対応
   - 「ギフト」ボタンを押す
   - 包装種類を選択（通常・プレミアム）
   - 金額は自動計算","2"
"DOC011","レジ操作マニュアル","マニュアル","店舗運営部","2025-03-01 17:00:00.000","2025-03-01 17:00:00.000","3.1","4. レジ締め作業
   - 「締め処理」ボタンを押す
   - 現金実査：レジ内の現金を数えて入力
   - 差異がある場合は理由を入力
   - レシートを出力して金庫に保管

■ トラブル対応

1. レジエラー発生時
   - エラーコードをメモ
   - 他のレジに案内して店長に連絡
   - 再起動が必要な場合は店長の指示に従う

2. 停電時の対応
   - 非常用電源に自動切替するまで待機
   - 切替わらない場合は手書きレシートに移行
   - 停電復旧後は店長の指示に従ってレジ再起動","3"
"DOC011","レジ操作マニュアル","マニュアル","店舗運営部","2025-03-01 17:00:00.000","2025-03-01 17:00:00.000","3.1","3. レシートプリンター詰まり
   - 「一時停止」ボタンを押す
   - カバーを開けて詰まった用紙を除去
   - 用紙を正しくセットしてカバーを閉める
   - 「再開」ボタンを押す

4. よくある質問対応
   - ポイント残高確認：「ポイント照会」→カードスキャン
   - 領収書発行：お会計後「領収書」→宛名入力
   - 商品在庫確認：「商品照会」→商品コード入力

※ 本マニュアルは2024年5月改訂版です。システムアップデートによる新機能が追加されています。操作方法がわからない場合は店長または主任に相談してください。","4"
"DOC019","季節商品導入ガイド","ガイドライン","マーケティング部","2025-03-01 17:00:00.000","2025-03-01 17:00:00.000","2.0","【スノーリテール 季節商品導入ガイド】

■ 季節商品導入の基本方針

スノーリテールでは、季節の移り変わりや年間の行事に合わせた商品展開を重視します。
季節商品は「旬の味わい」「季節感の演出」「特別な価値の提供」の3つの視点から
選定・導入します。

■ 年間季節商品カレンダー（2024年度）

【春季：3-5月】
- 3月：ひな祭り、春の訪れ、卒業・入学
  * 主要商品：桜もち、ちらし寿司、春野菜、新生活用品
  * 展開期間：2/20-3/31
  * 売場位置：入口正面特設コーナー","0"
"DOC019","季節商品導入ガイド","ガイドライン","マーケティング部","2025-03-01 17:00:00.000","2025-03-01 17:00:00.000","2.0","- 4月：新生活、春本番
  * 主要商品：新茶、春キャベツ、たけのこ、いちご
  * 展開期間：4/1-4/30
  * 売場位置：青果売場中央、エンドキャップ

- 5月：ゴールデンウィーク、端午の節句
  * 主要商品：柏餅、こどもの日商品、ピクニック向け商品
  * 展開期間：4/15-5/10
  * 売場位置：菓子売場エンド、デリカコーナー前面

【夏季：6-8月】
- 6月：梅雨、初夏
  * 主要商品：梅、そうめん、ところてん、飲料特集
  * 展開期間：6/1-6/30
  * 売場位置：青果売場サイド、飲料売場正面","1"
"DOC019","季節商品導入ガイド","ガイドライン","マーケティング部","2025-03-01 17:00:00.000","2025-03-01 17:00:00.000","2.0","- 7月：七夕、夏本番
  * 主要商品：土用うなぎ、スイカ、アイス特集、七夕菓子
  * 展開期間：7/1-7/31
  * 売場位置：鮮魚売場中央、デザートコーナー

- 8月：お盆、夏休み
  * 主要商品：BBQ食材、かき氷素材、お盆用品、帰省土産
  * 展開期間：8/1-8/20
  * 売場位置：精肉売場特設コーナー、菓子売場エンド

【秋季：9-11月】
- 9月：残暑、秋の実り
  * 主要商品：秋刀魚、新米、ぶどう、栗
  * 展開期間：9/1-9/30
  * 売場位置：鮮魚売場中央、精米コーナー前面","2"
"DOC019","季節商品導入ガイド","ガイドライン","マーケティング部","2025-03-01 17:00:00.000","2025-03-01 17:00:00.000","2.0","- 10月：秋本番、ハロウィン
  * 主要商品：きのこ、さつまいも、かぼちゃ、秋鮭
  * 展開期間：10/1-10/31
  * 売場位置：青果売場特設コーナー、ハロウィングッズ売場

- 11月：紅葉、食欲の秋
  * 主要商品：鍋物セット、おでん材料、紅葉狩りお弁当
  * 展開期間：11/1-11/30
  * 売場位置：デリカコーナー、日配売場特設コーナー

【冬季：12-2月】
- 12月：クリスマス、年末
  * 主要商品：クリスマスケーキ、パーティー食材、おせち
  * 展開期間：12/1-12/31
  * 売場位置：入口正面特設コーナー、惣菜売場前面","3"
"DOC019","季節商品導入ガイド","ガイドライン","マーケティング部","2025-03-01 17:00:00.000","2025-03-01 17:00:00.000","2.0","- 1月：正月、新年
  * 主要商品：福袋、初売り商品、七草、鏡開き
  * 展開期間：1/1-1/20
  * 売場位置：入口正面特設コーナー、和菓子売場

- 2月：節分、バレンタイン
  * 主要商品：恵方巻、節分豆、チョコレート特集
  * 展開期間：1/25-2/28
  * 売場位置：デリカコーナー特設、菓子売場中央

■ 季節商品の導入手順

1. 導入計画（展開の2ヶ月前）
   - 前年実績の分析
   - トレンド情報収集
   - 導入アイテム候補リストアップ
   - 販売計画・数量計画の策定","4"
"DOC019","季節商品導入ガイド","ガイドライン","マーケティング部","2025-03-01 17:00:00.000","2025-03-01 17:00:00.000","2.0","2. 発注準備（展開の1ヶ月前）
   - 最終アイテム決定
   - 発注数量の確定
   - 販促資材の準備
   - 店舗スタッフへの商品研修

3. 売場準備（展開の1週間前）
   - 売場レイアウトの決定
   - POPや装飾の準備
   - 什器・備品の確認
   - 試食用サンプルの手配

4. 販売開始
   - 朝礼での商品説明
   - 売場の最終チェック
   - 試食販売の実施
   - お客様の反応確認

5. 販売期間中の管理
   - 日々の販売状況確認
   - 品切れ防止と過剰在庫の調整
   - 鮮度・品質管理の徹底
   - 売場のメンテナンス","5"
"DOC019","季節商品導入ガイド","ガイドライン","マーケティング部","2025-03-01 17:00:00.000","2025-03-01 17:00:00.000","2.0","6. 振り返り（展開終了後1週間以内）
   - 販売実績の集計
   - 成功・失敗要因の分析
   - 翌年への改善点まとめ
   - 売場の通常化

■ 季節商品の選定基準

1. 品質基準
   - 鮮度・味・香り・外観の良さ
   - 安全性・衛生面での信頼性
   - 貯蔵性・日持ちの適切さ
   - パッケージの美しさ

2. 商品構成の考え方
   - 価格帯別のバランス（エントリー、スタンダード、プレミアム）
   - PB商品とNB商品のバランス
   - 地域性の反映（地元産品の活用）
   - 競合他社との差別化ポイント","6"
"DOC019","季節商品導入ガイド","ガイドライン","マーケティング部","2025-03-01 17:00:00.000","2025-03-01 17:00:00.000","2.0","3. 提案型商品展開
   - 食べ方・調理法の提案
   - 関連商品との組み合わせ提案
   - ストーリー性のある展開
   - 売場で体験できる仕掛け

■ 部門別季節商品対応のポイント

1. 青果部門
   - 旬の国産青果物を中心に展開
   - 産地リレーによる長期安定供給
   - 調理方法・保存方法の情報提供
   - 地元契約農家との連携強化

2. 精肉・鮮魚部門
   - 行事食材の早期確保（うなぎ、おせち材料等）
   - 調理済み商品の品揃え強化
   - 簡便性商品の開発（下処理済、味付済等）
   - 調理レシピの提案","7"
"DOC019","季節商品導入ガイド","ガイドライン","マーケティング部","2025-03-01 17:00:00.000","2025-03-01 17:00:00.000","2.0","3. デリカ部門
   - 季節イベントに合わせた限定メニュー
   - 地域の伝統食の継承
   - お持ち帰り対応の強化
   - デコレーション・見た目の季節感

4. グロサリー部門
   - 季節性の高い調味料の強化
   - ギフト需要への対応
   - 保存食品の提案
   - 季節の食卓提案型陳列

■ 季節商品販促のポイント

1. 情報発信
   - 店内POPでの訴求
   - チラシ・SNSでの早期告知
   - 売場担当者による声掛け
   - デジタルサイネージの活用","8"
"DOC019","季節商品導入ガイド","ガイドライン","マーケティング部","2025-03-01 17:00:00.000","2025-03-01 17:00:00.000","2.0","2. イベント連動
   - 実演販売の強化
   - 試食会の実施
   - 地域イベントとの連携
   - 季節のデコレーション

3. 価格戦略
   - 早期予約特典の設定
   - 数量限定特価の展開
   - セット販売による付加価値
   - ポイント還元キャンペーン

■ 年間主要季節イベントスケジュール","9"
"DOC019","季節商品導入ガイド","ガイドライン","マーケティング部","2025-03-01 17:00:00.000","2025-03-01 17:00:00.000","2.0","■ 年間主要季節イベントスケジュール

1月：新春・お正月、七草、鏡開き
2月：節分、バレンタイン、冬の鍋フェア
3月：ひな祭り、卒業・入学、春分
4月：春の行楽シーズン、イースター
5月：GW、母の日、初夏商材
6月：梅雨対策、父の日、土用丑
7月：夏本番、お中元商戦、地域夏祭り
8月：残暑対策、帰省・お盆商戦
9月：秋の味覚、シルバーウィーク
10月：ハロウィン、秋の実り
11月：七五三、ボジョレー解禁、勤労感謝
12月：クリスマス、年末年始、おせち

※ 本マニュアルは2024年3月改訂版です。地域特性や天候状況により
柔軟に対応してください。","10"
"DOC010","開店・閉店手順マニュアル","マニュアル","店舗運営部","2025-03-01 17:00:00.000","2025-03-01 17:00:00.000","2.3","【スノーリテール 開店・閉店手順マニュアル】

■ 開店準備手順（従業員用）

1. 開店2時間前
   - 責任者は警備システムを解除
   - バックヤード照明とエアコンを起動
   - 前日の売上レポートの確認

2. 開店1時間30分前
   - 全従業員のミーティング実施
   - 日々の販促情報や特売商品の確認
   - 部門別の人員配置の確認と調整
   - 制服の着用状態と身だしなみチェック

3. 開店1時間前
   - 店内照明とBGMの起動
   - レジの動作確認とつり銭準備
   - POSシステムの起動と初期設定
   - カード決済端末の動作確認","0"
"DOC010","開店・閉店手順マニュアル","マニュアル","店舗運営部","2025-03-01 17:00:00.000","2025-03-01 17:00:00.000","2.3","4. 開店30分前
   - 売場の最終チェック（商品補充、価格表示、POP）
   - 生鮮食品の陳列と品質チェック
   - 床面清掃と買い物かごの配置
   - 出入口ドアの動作確認

5. 開店10分前
   - 全従業員を売場に配置
   - レジ担当者はレジ準備完了報告
   - 最終的な店内状況を店長が確認
   - 開店アナウンスの準備

6. 開店時
   - 開店アナウンスの実施
   - 入口シャッターのオープン
   - 入店客への挨拶と案内

■ 閉店手順","1"
"DOC010","開店・閉店手順マニュアル","マニュアル","店舗運営部","2025-03-01 17:00:00.000","2025-03-01 17:00:00.000","2.3","■ 閉店手順

1. 閉店30分前
   - 閉店間近の館内アナウンス
   - 生鮮食品の最終値引き処理
   - レジ混雑状況の確認と応援体制

2. 閉店時
   - 閉店アナウンスの実施
   - 入口シャッターのクローズ（新規入店を停止）
   - 店内のお客様の買い物支援

3. 最終客退店後
   - レジ締め処理の実施
   - 各部門の売上集計とデータ送信
   - 商品の補充と翌日の準備
   - 清掃作業（床面、トイレ、バックヤード）","2"
"DOC010","開店・閉店手順マニュアル","マニュアル","店舗運営部","2025-03-01 17:00:00.000","2025-03-01 17:00:00.000","2.3","4. 帰宅前チェック
   - 冷蔵・冷凍設備の温度確認
   - 不要照明の消灯
   - ゴミの分別と廃棄
   - 警備システムの起動

■ 特記事項
- 開店・閉店時間は必ず厳守すること
- 緊急時は店長または副店長に直ちに連絡
- 金銭授受トラブルはレジ責任者に相談
- 防犯カメラは常時作動していることを認識

※ 本マニュアルは2024年4月改訂版です。変更点は赤字で記載されています。","3"
"DOC027","危機管理マニュアル","マニュアル","総務部","2025-03-01 17:00:00.000","2025-03-01 17:00:00.000","3.0","【スノーリテール 危機管理マニュアル】

■ 危機管理の基本方針

スノーリテールでは、自然災害、事故、商品事故、情報漏洩等の危機が発生した
場合に、人命の安全確保を最優先とし、迅速かつ適切な対応を行うことで被害を
最小限に抑え、早期の営業再開・事業継続を図ることを基本方針とします。

■ 危機管理体制

1. 危機管理本部
   - 本部長：代表取締役社長
   - 副本部長：常務取締役
   - 事務局：総務部危機管理チーム
   - 構成メンバー：各部門責任者","0"
"DOC027","危機管理マニュアル","マニュアル","総務部","2025-03-01 17:00:00.000","2025-03-01 17:00:00.000","3.0","2. 店舗危機管理体制
   - 責任者：店長
   - 副責任者：副店長
   - 現場対応チーム：部門長で構成
   - 情報連絡係：サービス部門担当者

3. 連絡体制
   - 緊急連絡網の整備（3段階）
   - 緊急時通信手段の複数確保
   - 社内情報共有システムの活用
   - 災害用伝言ダイヤルの活用方法

4. 外部機関との連携
   - 警察・消防・保健所等との連携
   - 地域自治体との協力体制
   - 取引先との緊急連絡体制
   - 業界団体との情報共有

■ 災害対応","1"
"DOC027","危機管理マニュアル","マニュアル","総務部","2025-03-01 17:00:00.000","2025-03-01 17:00:00.000","3.0","■ 災害対応

1. 地震発生時の対応
   [発生直後]
   - お客様の安全確保（避難誘導）
   - 従業員の安否確認
   - 建物・設備の被害状況確認
   - 火災等二次災害の防止措置

   [初動対応（1時間以内）]
   - 本部への状況報告
   - ライフライン・設備の安全確認
   - 帰宅困難者対応の準備
   - 近隣地域の被害状況確認

   [緊急対応（当日）]
   - 店舗の営業継続判断
   - 食料・飲料水の提供体制確立（自治体要請時）
   - 従業員の帰宅・残留判断
   - 建物の応急危険度判定依頼","2"
"DOC027","危機管理マニュアル","マニュアル","総務部","2025-03-01 17:00:00.000","2025-03-01 17:00:00.000","3.0","[復旧対応]
   - 店舗復旧計画の策定
   - 商品・物流の確保
   - 営業再開判断と告知
   - 被災従業員の支援

2. 台風・水害時の対応
   [警報発令時]
   - 気象情報の継続的確認
   - 店舗周辺の浸水リスク確認
   - 早期閉店の判断と準備
   - 商品・設備の高所移動

   [発生時]
   - 従業員・お客様の安全確保
   - 浸水防止対策の実施
   - 電気系統の安全確保
   - 避難経路の確保","3"
"DOC027","危機管理マニュアル","マニュアル","総務部","2025-03-01 17:00:00.000","2025-03-01 17:00:00.000","3.0","[復旧時]
   - 浸水後の衛生管理（消毒等）
   - 汚染商品の適切な廃棄
   - 設備の点検と復旧
   - 保険会社への連絡と対応

3. 大雪・寒波時の対応
   - 従業員の通勤手段確保
   - 除雪体制の確立
   - 凍結防止対策
   - 暖房設備の点検・確保

■ 事故対応

1. 店舗内事故発生時
   - 負傷者の応急処置
   - 救急車の要請判断
   - 事故状況の記録
   - 本部への報告
   - 保険会社への連絡","4"
"DOC027","危機管理マニュアル","マニュアル","総務部","2025-03-01 17:00:00.000","2025-03-01 17:00:00.000","3.0","2. 食中毒疑い発生時
   - 該当商品の販売中止
   - 保健所への報告
   - 顧客情報・喫食状況の確認
   - 検体の確保
   - 公表対応の準備

3. 火災発生時
   - 初期消火活動
   - お客様避難誘導
   - 消防署への通報
   - 延焼防止措置
   - 二次避難場所の確保

4. 設備事故時
   - 該当設備の使用中止
   - 立入禁止措置
   - 代替手段の確保
   - 修理業者への連絡

■ 商品関連危機対応","5"
"DOC027","危機管理マニュアル","マニュアル","総務部","2025-03-01 17:00:00.000","2025-03-01 17:00:00.000","3.0","■ 商品関連危機対応

1. 異物混入発生時
   - 該当商品の販売中止
   - 同一ロット商品の撤去
   - 製造元との連携
   - 調査体制の確立
   - 顧客対応方針の決定

2. 商品回収発生時
   - 回収情報の店内告知
   - 返品対応体制の確立
   - 回収商品の隔離保管
   - 代替商品の案内
   - 回収率の管理

3. 表示不適切発覚時
   - 該当商品の販売中止
   - 適正表示への修正
   - お客様への説明準備
   - 類似商品の点検
   - 再発防止策の策定","6"
"DOC027","危機管理マニュアル","マニュアル","総務部","2025-03-01 17:00:00.000","2025-03-01 17:00:00.000","3.0","4. 健康被害報告時
   - 顧客情報の確認
   - 医療機関との連携
   - 行政機関への報告
   - 因果関係調査の実施
   - 補償対応の検討

■ 防犯・防災対策

1. 店舗防犯対策
   - 防犯カメラの設置と運用
   - 死角の削減措置
   - 現金管理の徹底
   - 不審者対応手順
   - 閉店時セキュリティ確認

2. 強盗・脅迫発生時
   - 従業員・顧客の安全確保最優先
   - 冷静な状況判断
   - 警察への通報
   - 犯人特徴の記憶
   - 事後の心理ケア","7"
"DOC027","危機管理マニュアル","マニュアル","総務部","2025-03-01 17:00:00.000","2025-03-01 17:00:00.000","3.0","3. 不審物発見時
   - 不用意に触れない
   - 周辺の立入禁止措置
   - 警察への通報
   - お客様への適切な説明
   - 店長・本部への報告

4. 不審電話対応
   - 通報内容の詳細記録
   - 発信者情報の確認（可能な範囲）
   - 警察への相談
   - 同様事例の有無確認
   - 対応方針の検討

■ その他の危機対応

1. 情報漏洩発生時
   - 被害状況の特定
   - システム切り離し等の応急処置
   - 社内報告と公表判断
   - 専門家チームによる調査
   - 再発防止策の策定","8"
"DOC027","危機管理マニュアル","マニュアル","総務部","2025-03-01 17:00:00.000","2025-03-01 17:00:00.000","3.0","2. 風評被害発生時
   - 事実関係の迅速な確認
   - 正確な情報の公表
   - 問い合わせ対応体制の強化
   - SNS等のモニタリング
   - 法的対応の検討

3. 従業員不祥事発生時
   - 事実確認と記録
   - 関係部署への連絡
   - 対外対応方針の決定
   - 再発防止策の検討
   - コンプライアンス教育の強化

4. マスコミ対応
   - 広報担当窓口一本化
   - 事実に基づく誠実な対応
   - 公表内容の事前準備
   - 従業員への取材対応指示
   - 記者会見実施の判断","9"
"DOC027","危機管理マニュアル","マニュアル","総務部","2025-03-01 17:00:00.000","2025-03-01 17:00:00.000","3.0","※ 本マニュアルは2024年5月改訂版です。
各店舗では年2回以上の危機管理訓練を実施し、本マニュアルの実効性を
高めてください。不明点や改善提案は総務部危機管理チームまでお寄せください。","10"
"DOC028","ポイントカード制度運用マニュアル","マニュアル","マーケティング部","2025-03-01 17:00:00.000","2025-03-01 17:00:00.000","2.1","【スノーリテール ポイントカード制度運用マニュアル】

■ ポイントカード制度の基本

スノーポイントカードは、お客様の来店頻度向上と購買促進を目的とした
顧客ロイヤルティプログラムです。本マニュアルに従い、正確で一貫性のある
運用を行うことで、お客様満足度の向上と店舗売上の拡大を目指します。

■ カード発行・登録手続き

1. カード発行条件
   - 13歳以上の方（未成年は保護者の同意が必要）
   - 入会費・年会費は無料
   - 1人につき1枚のカード発行
   - 法人名義での発行も可能","0"
"DOC028","ポイントカード制度運用マニュアル","マニュアル","マーケティング部","2025-03-01 17:00:00.000","2025-03-01 17:00:00.000","2.1","2. 申込受付手順
   - 申込書への必要事項記入依頼
   - 個人情報利用目的の説明
   - 本人確認（免許証等）の実施
   - 申込書内容の確認

3. カード発行手順
   - 申込書内容のシステム登録
   - カード番号と会員情報の紐付け
   - 仮カードの即時発行
   - 本カード到着案内（約2週間後）

4. 注意事項の説明
   - ポイント有効期限（最終利用日から1年）
   - 紛失・盗難時の対応方法
   - 個人情報変更手続き
   - 特典・キャンペーン案内の受取設定

■ ポイント付与ルール","1"
"DOC028","ポイントカード制度運用マニュアル","マニュアル","マーケティング部","2025-03-01 17:00:00.000","2025-03-01 17:00:00.000","2.1","■ ポイント付与ルール

1. 基本ポイント
   - 税抜100円につき1ポイント
   - 小数点以下切り捨て
   - 当日中なら複数回の買い物でもポイント合算可能
   - 現金、クレジットカード、電子マネー支払いに適用

2. ボーナスポイント
   - 誕生月は基本ポイント2倍
   - 毎月5・15・25日はポイント2倍デー
   - 新商品購入でボーナスポイント
   - 対象商品購入でポイントアップ（プロモーションによる）","2"
"DOC028","ポイントカード制度運用マニュアル","マニュアル","マーケティング部","2025-03-01 17:00:00.000","2025-03-01 17:00:00.000","2.1","3. ポイント対象外
   - タバコ、商品券、宅配料金
   - 自治体指定ゴミ袋
   - 切手・はがき・収入印紙
   - 店舗内テナントでの購買（提携店除く）

4. ポイント付与上限
   - 1度の会計で最大5,000ポイントまで
   - 月間付与上限は30,000ポイント
   - キャンペーンポイントは別枠で付与

■ ポイント利用手続き

1. ポイント利用条件
   - 100ポイント以上から利用可能
   - 1ポイント＝1円として利用可能
   - 一部対象外商品あり（基本的にポイント付与対象外と同じ）
   - 1度の会計で最大10,000ポイントまで利用可能","3"
"DOC028","ポイントカード制度運用マニュアル","マニュアル","マーケティング部","2025-03-01 17:00:00.000","2025-03-01 17:00:00.000","2.1","2. レジでの利用手順
   - 会計前にポイント利用意思確認
   - 利用ポイント数の確認
   - ポイントカード読み取り
   - 利用ポイント分を値引き処理

3. ポイント残高確認方法
   - レジでの残高照会
   - 購入時レシートでの確認
   - 店内設置の専用端末
   - スマートフォンアプリ

4. ポイント交換オプション
   - 商品引換（専用商品カタログ）
   - 電子マネーへの交換
   - 提携ポイントへの移行
   - 地域貢献寄付プログラム

■ 特別会員ステージ制度","4"
"DOC028","ポイントカード制度運用マニュアル","マニュアル","マーケティング部","2025-03-01 17:00:00.000","2025-03-01 17:00:00.000","2.1","■ 特別会員ステージ制度

1. ステージ区分
   - レギュラー会員：入会時の基本ステージ
   - シルバー会員：年間獲得ポイント10,000ポイント以上
   - ゴールド会員：年間獲得ポイント30,000ポイント以上
   - プラチナ会員：年間獲得ポイント50,000ポイント以上

2. ステージ特典
   - シルバー：基本ポイント1.1倍、会員限定セール案内
   - ゴールド：基本ポイント1.2倍、会員優待価格、専用レジ
   - プラチナ：基本ポイント1.3倍、専用駐車場、配送料無料","5"
"DOC028","ポイントカード制度運用マニュアル","マニュアル","マーケティング部","2025-03-01 17:00:00.000","2025-03-01 17:00:00.000","2.1","3. ステージ判定
   - 毎年4月1日に前年度の獲得ポイントで判定
   - 翌年3月末までステージ有効
   - 途中でのステージアップなし（年1回判定）
   - ダウングレードは1ステージまで（急激な下落防止）

4. ステージ案内
   - ステージ到達時の案内メール送信
   - ステージ別専用カード発行
   - アプリ上でのステージ表示
   - 年間獲得ポイント状況の定期案内

■ カード紛失・再発行","6"
"DOC028","ポイントカード制度運用マニュアル","マニュアル","マーケティング部","2025-03-01 17:00:00.000","2025-03-01 17:00:00.000","2.1","■ カード紛失・再発行

1. 紛失・盗難時の対応
   - 店舗またはコールセンターへの届出
   - 届出受付後の利用停止処理
   - 不正利用には責任を負わない旨の説明
   - 警察への届出推奨（盗難時）

2. 再発行手順
   - 本人確認書類の提示
   - 再発行申請書の記入
   - 再発行手数料300円（税込）徴収
   - 仮カードの即時発行

3. ポイントの引継ぎ
   - 届出時点のポイント残高を引継ぎ
   - 届出前の不正利用ポイントは原則補償対象外
   - ポイント履歴は最大3ヶ月前まで復元
   - 再発行後2週間は高額ポイント利用制限","7"
"DOC028","ポイントカード制度運用マニュアル","マニュアル","マーケティング部","2025-03-01 17:00:00.000","2025-03-01 17:00:00.000","2.1","4. カード破損時の対応
   - 破損カードの持参確認
   - 無償での再発行対応
   - 原則即日発行（店舗対応）
   - ポイント残高は全て引継ぎ

■ アプリ連携サービス

1. スマートフォンアプリ機能
   - バーチャルカード表示
   - ポイント残高・履歴確認
   - クーポン配信・保存
   - お買い得情報の通知

2. アプリ登録手順
   - アプリダウンロード案内
   - カード番号・パスワード入力
   - 本人確認（SMS認証）
   - プッシュ通知設定の案内","8"
"DOC028","ポイントカード制度運用マニュアル","マニュアル","マーケティング部","2025-03-01 17:00:00.000","2025-03-01 17:00:00.000","2.1","3. オンラインショップ連携
   - オンラインショップでのポイント付与・利用
   - アプリからの直接ショップ遷移
   - ネットスーパー注文機能
   - お気に入り商品登録

4. その他の便利機能
   - デジタルレシート保存
   - 購入商品の栄養成分分析
   - 来店ポイントチェックイン
   - クックパッド連携レシピ提案

■ 店舗スタッフ向け対応ポイント

1. カード忘れ時の対応
   - 電話番号による会員検索
   - アプリでのバーチャルカード提示
   - 運転免許証等による本人確認
   - 事後ポイント付与の案内（レシートから7日以内）","9"
"DOC028","ポイントカード制度運用マニュアル","マニュアル","マーケティング部","2025-03-01 17:00:00.000","2025-03-01 17:00:00.000","2.1","2. ポイント付与トラブル対応
   - システム障害時の手動ポイント付与方法
   - ポイント計算間違い時の対応
   - 後日付与の申請受付手順
   - エラーコード別の対処法

3. お客様からの質問対応
   - ポイント制度の説明資料の活用
   - キャンペーン適用条件の明確な説明
   - よくある質問集の確認
   - 対応困難時のスーパーバイザー呼び出し

4. 不正利用の防止
   - なりすまし利用の確認方法
   - 不自然な大量ポイント利用時の確認
   - ポイント不正取得の兆候と対応
   - 不審な行動の報告手順","10"
"DOC028","ポイントカード制度運用マニュアル","マニュアル","マーケティング部","2025-03-01 17:00:00.000","2025-03-01 17:00:00.000","2.1","※ 本マニュアルは2024年4月改訂版です。
キャンペーン内容や制度変更がある場合は、本部からの通達を優先してください。
ポイントカードに関するお客様からの苦情やお問い合わせは、親切・丁寧に対応し、
解決が難しい場合はカスタマーサービス部門に取り次いでください。","11"
"DOC026","顧客データ管理ガイドライン","ガイドライン","情報セキュリティ部","2025-03-01 17:00:00.000","2025-03-01 17:00:00.000","2.0","【スノーリテール 顧客データ管理ガイドライン】

■ 基本方針

スノーリテールでは、お客様からお預かりした個人情報を適切に保護・管理し、
お客様との信頼関係を維持することを最優先事項とします。
本ガイドラインは、個人情報保護法および関連法令を遵守し、顧客データの
収集・管理・利用に関する基準を定めるものです。

■ 顧客データの収集

1. 収集の原則
   - 収集目的を明確にした上で必要最小限の情報のみ収集
   - 事前に利用目的を明示し、同意を得てから収集
   - 不正な手段による収集の禁止
   - センシティブ情報の収集制限","0"
"DOC026","顧客データ管理ガイドライン","ガイドライン","情報セキュリティ部","2025-03-01 17:00:00.000","2025-03-01 17:00:00.000","2.0","2. 収集方法と対象情報
   - 会員登録時：氏名、住所、電話番号、メールアドレス、生年月日
   - 購入履歴：商品名、購入日時、金額、購入店舗
   - アンケート：嗜好、満足度、要望事項
   - アプリ利用：位置情報（同意を得た場合のみ）

3. 同意取得の方法
   - 紙面での会員登録：同意欄へのチェックと署名
   - Webサイト・アプリ：同意ボタンのクリック
   - 更新時：変更点を明示した上での再同意
   - 同意撤回手続きの明示","1"
"DOC026","顧客データ管理ガイドライン","ガイドライン","情報セキュリティ部","2025-03-01 17:00:00.000","2025-03-01 17:00:00.000","2.0","4. 収集時の説明事項
   - 収集する情報の種類と範囲
   - 情報の利用目的と方法
   - 第三者提供の有無と範囲
   - 保管期間と廃棄方法
   - 問い合わせ・訂正・削除の方法

■ 顧客データの管理

1. データ保管の基本原則
   - アクセス制限の実施
   - データの暗号化
   - バックアップの定期実施
   - 保管期間の設定と期間経過後の廃棄

2. セキュリティ対策
   - 社内システムのセキュリティ強化
   - 定期的なセキュリティ監査
   - ウイルス対策ソフトの導入と更新
   - 不正アクセス検知システムの運用","2"
"DOC026","顧客データ管理ガイドライン","ガイドライン","情報セキュリティ部","2025-03-01 17:00:00.000","2025-03-01 17:00:00.000","2.0","3. 従業員の管理体制
   - アクセス権限の適切な付与
   - パスワード管理の徹底
   - 定期的な教育研修
   - 退職者のアカウント即時停止

4. 物理的セキュリティ
   - サーバールームの入退室管理
   - 監視カメラの設置
   - 紙媒体データの施錠保管
   - クリアデスクポリシーの徹底

■ 顧客データの利用

1. 利用目的の限定
   - マーケティング分析
   - 顧客サービスの向上
   - DM・メールマガジンの送付
   - 新商品・サービス開発のための統計処理","3"
"DOC026","顧客データ管理ガイドライン","ガイドライン","情報セキュリティ部","2025-03-01 17:00:00.000","2025-03-01 17:00:00.000","2.0","2. 部門別利用制限
   - マーケティング部門：分析目的で匿名化データアクセス可
   - 店舗運営部門：対面サービス向上目的で限定的アクセス可
   - 商品開発部門：統計処理済みデータのみアクセス可
   - システム部門：保守目的のみのアクセス権限

3. データ分析のルール
   - 原則として匿名化または仮名化処理後に分析
   - 個人を特定できる形での分析は厳格な承認制
   - 分析結果の社内共有方法の制限
   - 外部委託時の監督義務","4"
"DOC026","顧客データ管理ガイドライン","ガイドライン","情報セキュリティ部","2025-03-01 17:00:00.000","2025-03-01 17:00:00.000","2.0","4. マーケティング利用の制限
   - オプトアウト制度の導入と周知
   - 配信頻度の適正管理
   - ターゲティング広告利用時の透明性確保
   - 子供向けマーケティングの特別制限

■ 第三者提供の制限

1. 第三者提供の原則
   - 原則として顧客データの第三者提供を禁止
   - 例外的に提供する場合は事前の同意取得が必須
   - 法令に基づく提供の場合の手続き明確化
   - 提供記録の保持","5"
"DOC026","顧客データ管理ガイドライン","ガイドライン","情報セキュリティ部","2025-03-01 17:00:00.000","2025-03-01 17:00:00.000","2.0","2. グループ会社間の共有
   - 共同利用の範囲と目的の明確化
   - 共同利用する場合の責任所在の明確化
   - お客様への共同利用に関する通知
   - 共有データの管理責任

3. 業務委託先の管理
   - 委託先の選定基準
   - 秘密保持契約の締結
   - 委託先の監督方法
   - 再委託の制限と管理

4. 海外移転の制限
   - 原則として顧客データの海外移転を禁止
   - 例外的に移転する場合のセーフガード措置
   - 移転先国のデータ保護水準の評価
   - お客様への説明と同意取得

■ 顧客の権利対応","6"
"DOC026","顧客データ管理ガイドライン","ガイドライン","情報セキュリティ部","2025-03-01 17:00:00.000","2025-03-01 17:00:00.000","2.0","■ 顧客の権利対応

1. 開示請求への対応
   - 開示請求の受付窓口と手続き
   - 本人確認方法
   - 開示方法と期限
   - 開示手数料の取扱い

2. 訂正・削除請求への対応
   - 訂正・削除請求の受付と手続き
   - 訂正・削除の範囲と例外
   - 処理結果の通知方法
   - 履歴の保持ポリシー

3. 利用停止請求への対応
   - マーケティング利用の停止手続き
   - 停止の確認と通知
   - 部分的停止の選択肢提供
   - 再開手続きの明確化","7"
"DOC026","顧客データ管理ガイドライン","ガイドライン","情報セキュリティ部","2025-03-01 17:00:00.000","2025-03-01 17:00:00.000","2.0","4. 苦情・相談への対応
   - 苦情受付窓口の設置
   - 対応手順と期限設定
   - 再発防止策の策定
   - 改善報告の実施

■ インシデント対応

1. インシデント発生時の初動対応
   - 発見者の報告義務
   - 情報セキュリティ責任者への即時報告
   - 被害拡大防止策の実施
   - 証拠の保全

2. 調査と評価
   - 原因調査の実施
   - 影響範囲の特定
   - 被害レベルの評価
   - 再発防止策の検討

3. 報告と通知
   - 監督官庁への報告
   - 影響を受けるお客様への通知
   - 公表の判断と方法
   - 経営層への報告","8"
"DOC026","顧客データ管理ガイドライン","ガイドライン","情報セキュリティ部","2025-03-01 17:00:00.000","2025-03-01 17:00:00.000","2.0","4. 復旧と再発防止
   - システム・データの復旧手順
   - 業務再開の判断基準
   - 再発防止策の実施と検証
   - 定期的な訓練の実施

※ 本ガイドラインは2024年5月改訂版です。個人情報保護法の改正や社内規定の
変更に応じて定期的に見直しを行います。本ガイドラインに関する疑問は
情報セキュリティ部までお問い合わせください。","9"
"DOC014","商品陳列基準","基準書","店舗運営部","2025-03-01 17:00:00.000","2025-03-01 17:00:00.000","2.2","【スノーリテール 商品陳列基準】

■ 基本的な陳列の考え方

スノーリテールの商品陳列は「見やすさ」「取りやすさ」「鮮度感」の3つを
重視します。お客様の購買動線と視線の動きを考慮し、商品の魅力を最大限に
引き出す陳列を心がけましょう。

■ 部門別陳列基準

1. 青果部門
   - 色彩バランスを考慮（緑黄赤紫など）した陳列
   - 季節商品は入口から見える位置に配置
   - 重い商品（スイカ、かぼちゃなど）は下段に配置
   - 葉物野菜は30度の角度で立てて陳列
   - PB「スノーフレッシュ」は専用コーナーを設置
   - 陳列量の目安：商品ごとに通常在庫の2倍を用意","0"
"DOC014","商品陳列基準","基準書","店舗運営部","2025-03-01 17:00:00.000","2025-03-01 17:00:00.000","2.2","2. 精肉部門
   - 赤身肉→白身肉→加工品の順に配置
   - 値頃感のある商品は目線の高さに配置
   - 高額商品は視認性の高い場所に少量陳列
   - パック肉は陳列皿を使用し、2段以下に制限
   - 特売商品は専用コーナーを設置
   - PB「スノーセレクト」は独立コーナーで展開

3. 鮮魚部門
   - 白身魚→青魚→貝類→調理済商品の順に配置
   - 氷の上には切り身商品を優先的に配置
   - 活魚コーナーは通路から見えるよう配置
   - パック商品は傾斜をつけて陳列
   - 刺身商品は専用照明を使用","1"
"DOC014","商品陳列基準","基準書","店舗運営部","2025-03-01 17:00:00.000","2025-03-01 17:00:00.000","2.2","4. 日配部門
   - 豆腐・納豆→乳製品→惣菜の順に配置
   - 値札・POPは商品の上部に設置
   - 賞味期限の近い商品を手前に配置
   - 大豆アレルギー対応商品は専用コーナーを設置
   - 陳列高さは最大180cmまでとし、上段は軽量商品

5. 加工食品部門
   - カテゴリー別にブロック陳列
   - NB商品とPB商品を交互に配置
   - 特売商品は通路正面に配置
   - 関連商品を隣接させる（例：パスタとソース）
   - 陳列棚はすき間なく整然と並べる","2"
"DOC014","商品陳列基準","基準書","店舗運営部","2025-03-01 17:00:00.000","2025-03-01 17:00:00.000","2.2","6. 菓子・飲料部門
   - 大型PETボトルは下段に配置
   - 子供向け商品は子供目線の高さに配置
   - 季節商品・イベント商品は独立コーナーで展開
   - 新商品コーナーは入口から見える位置に設置

■ 陳列作業のポイント

1. フェイシング（正面の数）
   - 定番商品：3〜5フェイス
   - 売れ筋商品：5〜8フェイス
   - 新商品：2〜3フェイス
   - 特売商品：8フェイス以上

2. フェイスアップ（商品を手前に寄せる）
   - 開店前、昼、夕方の1日3回実施
   - 欠品がある場合は隣接商品でスペースを埋める
   - 空き棚は作らない","3"
"DOC014","商品陳列基準","基準書","店舗運営部","2025-03-01 17:00:00.000","2025-03-01 17:00:00.000","2.2","3. 品出し作業
   - 先入れ先出しを徹底
   - 賞味期限・消費期限チェックを確実に
   - 箱や包装紙は売場に放置しない
   - 重いものは台車を使用し、安全に作業

4. POP・プライスカード
   - 商品と価格が一目でわかるよう設置
   - 特売商品は赤POPを使用
   - PB商品は専用POPを使用
   - 手書きPOPは店長承認後に使用

■ 売場チェックリスト

1. 開店前チェック
   - 欠品はないか
   - 商品の鮮度・品質に問題はないか
   - 価格表示は正確か
   - 特売商品の在庫は十分か","4"
"DOC014","商品陳列基準","基準書","店舗運営部","2025-03-01 17:00:00.000","2025-03-01 17:00:00.000","2.2","2. 営業中チェック（2時間ごと）
   - 陳列の乱れはないか
   - 売れ筋商品の在庫は十分か
   - 汚れやこぼれはないか
   - 温度管理は適切か

※ 本基準は2024年1月改訂版です。季節や販促計画に応じて、店長判断で一部変更可能です。
ただし、食品表示や鮮度管理に関する基準は必ず遵守してください。","5"
